Time,Trace_1
0,-65
0.0001,-65.49006409360827
0.0002,-65.95349571481682
0.00030000000000000003,-66.40566621929875
0.0004,-66.85378666509084
0.0005,-67.29995371370723
0.0006000000000000001,-67.74326167465841
0.0007,-68.18121125898766
0.0008,-68.61063372439553
0.0009000000000000001,-69.02828555903373
0.001,-69.43121489454151
0.0011,-69.81696619046032
0.0012000000000000001,-70.18366995404394
0.0013000000000000002,-70.53005299991644
0.0014,-70.85539716738367
0.0015,-71.15946850098723
0.0016,-71.44243331433184
0.0017000000000000001,-71.70477269201194
0.0018000000000000002,-71.94720274884168
0.0019,-72.17060464474065
0.002,-72.37596594460139
0.0021000000000000003,-72.56433337886989
0.0022,-72.73677602798966
0.0023,-72.89435764745933
0.0024000000000000002,-73.0381165571859
0.0025,-73.16905167733107
0.0026000000000000003,-73.28811339704497
0.0027,-73.3961981194365
0.0028,-73.49414563214465
0.0029000000000000002,-73.5827384911108
0.003,-73.66270284657786
0.0031000000000000003,-73.7347103025344
0.0032,-73.79938041373238
0.0033,-73.8572835890484
0.0034000000000000002,-73.90894420348523
0.0035,-73.95484378083911
0.0036000000000000003,-73.99542415892438
0.0037,-74.03109056337203
0.0038,-74.06221454526343
0.0039000000000000003,-74.0891367594661
0.004,-74.11216956117345
0.0041,-74.13159943616867
0.004200000000000001,-74.14768923554776
0.0043,-74.16068022821295
0.0044,-74.17079401515365
0.0045000000000000005,-74.17823425457263
0.0046,-74.18318823964118
0.0047,-74.1858283367989
0.0048000000000000004,-74.18631331088996
0.0049,-74.1847895228803
0.005,-74.18139201518026
0.0051,-74.17624549863605
0.005200000000000001,-74.16946524330118
0.0053,-74.16115789710065
0.0054,-74.15142223211399
0.0055000000000000005,-74.14034981606227
0.0056,-74.12802562232115
0.0057,-74.11452858110898
0.0058000000000000005,-74.0999320668759
0.0059,-74.08430437946697
0.006,-74.06770916583613
0.0061,-74.0502057803879
0.006200000000000001,-74.03184962717869
0.0063,-74.01269250214723
0.0064,-73.99278285565472
0.006500000000000001,-73.9721660526658
0.0066,-73.95088463806438
0.0067,-73.92897851962691
0.0068000000000000005,-73.90648519350326
0.006900000000000001,-73.88343991947683
0.007,-73.85987587533313
0.0071,-73.83582433892019
0.007200000000000001,-73.81131478656228
0.0073,-73.78637506714702
0.0074,-73.76103148069762
0.007500000000000001,-73.73530891954546
0.0076,-73.70923094021067
0.0077,-73.68281987912937
0.0078000000000000005,-73.65609691629405
0.0079,-73.62908217242014
0.008,-73.60179476270606
0.0081,-73.574252881654
0.0082,-73.54647384518992
0.0083,-73.51847416871307
0.008400000000000001,-73.49026959573132
0.0085,-73.46187517413158
0.0086,-73.43330526944818
0.008700000000000001,-73.40457364382388
0.0088,-73.37569345203529
0.0089,-73.34667732153441
0.009000000000000001,-73.31753734905746
0.0091,-73.28828515967315
0.0092,-73.25893191929353
0.009300000000000001,-73.22948836633408
0.0094,-73.19996484104058
0.0095,-73.17037129937474
0.009600000000000001,-73.14071735403363
0.0097,-73.11101226655076
0.0098,-73.08126500306739
0.0099,-73.05148421156612
0.01,-73.02167827614426
0.010100000000000001,-72.99185531039585
0.0102,-72.96202317841993
0.0103,-72.9321895133499
0.010400000000000001,-72.90236171914391
0.0105,-72.87254700568278
0.0106,-72.84275236564092
0.010700000000000001,-72.8129846269406
0.0108,-72.78325042305752
0.0109,-72.75355623465684
0.011000000000000001,-72.72390838230433
0.0111,-72.69431303544108
0.0112,-72.66477623057422
0.011300000000000001,-72.6353038627986
0.0114,-72.60590172089191
0.0115,-72.57657545357127
0.011600000000000001,-72.54733062359
0.0117,-72.51817266705324
0.0118,-72.48910693934357
0.0119,-72.46013869441883
0.012,-72.43127310162039
0.012100000000000001,-72.40251525001129
0.0122,-72.37387014493324
0.0123,-72.34534272932736
0.012400000000000001,-72.31693786366844
0.0125,-72.28866036305875
0.0126,-72.26051495866729
0.012700000000000001,-72.23250635195453
0.0128,-72.20463915928683
0.0129,-72.17691797871004
0.013000000000000001,-72.14934732881065
0.0131,-72.12193171335737
0.0132,-72.09467556725532
0.013300000000000001,-72.06758331065754
0.0134,-72.04065930316939
0.0135,-72.01390789126563
0.013600000000000001,-71.9873333665434
0.0137,-71.96094001075248
0.013800000000000002,-71.93473205354312
0.013900000000000001,-71.90871371984733
0.014,-71.88288918217445
0.014100000000000001,-71.85726261550343
0.0142,-71.83183813876413
0.0143,-71.8066198828276
0.014400000000000001,-71.78161191537998
0.0145,-71.756818321973
0.0146,-71.7322431290538
0.014700000000000001,-71.70789037589942
0.0148,-71.68376405243917
0.0149,-71.65986815105951
0.015000000000000001,-71.6362066268276
0.0151,-71.61278341601337
0.0152,-71.5896024451441
0.015300000000000001,-71.56666759647626
0.0154,-71.54398276545102
0.0155,-71.5215517795497
0.015600000000000001,-71.49937848279944
0.015700000000000002,-71.47746666924351
0.0158,-71.45582011194479
0.0159,-71.43444257516701
0.016,-71.41333775892366
0.0161,-71.39250937424268
0.0162,-71.37196106993468
0.016300000000000002,-71.351696468477
0.0164,-71.33171918225786
0.0165,-71.31203273943868
0.0166,-71.29264066933966
0.0167,-71.27354645000692
0.016800000000000002,-71.25475349290372
0.016900000000000002,-71.23626520370038
0.017,-71.21808491023984
0.0171,-71.20021588019083
0.0172,-71.18266136527154
0.0173,-71.16542452746135
0.017400000000000002,-71.14850846209129
0.0175,-71.1319162373458
0.0176,-71.1156508291354
0.0177,-71.09971512565824
0.0178,-71.08411197547376
0.0179,-71.06884414927708
0.018000000000000002,-71.0539142943834
0.0181,-71.03932500118631
0.0182,-71.0250787926103
0.0183,-71.01117806567831
0.0184,-70.99762510797005
0.018500000000000003,-70.9844221348618
0.018600000000000002,-70.97157126931994
0.0187,-70.95907449020133
0.0188,-70.94693365455466
0.0189,-70.93515052597404
0.019,-70.92372675796743
0.019100000000000002,-70.91266386443576
0.019200000000000002,-70.90196319579576
0.0193,-70.89162598634508
0.0194,-70.88165334513234
0.0195,-70.87204624382093
0.0196,-70.8628054989198
0.019700000000000002,-70.85393173884671
0.0198,-70.84542545011551
0.0199,-70.83728697189359
0.02,-70.82951648525696
0.0201,-70.8221140053055
0.020200000000000003,-70.81507937443196
0.020300000000000002,-70.80841223594489
0.0204,-70.80211204713507
0.0205,-70.79617809668201
0.0206,-70.79060949529969
0.0207,-70.78540516912
0.020800000000000003,-70.78056385485326
0.020900000000000002,-70.77608409613914
0.021,-70.77196424072845
0.0211,-70.76820243828027
0.0212,-70.76479663864419
0.0213,-70.76174458419624
0.021400000000000002,-70.75904380783481
0.021500000000000002,-70.75669164740094
0.0216,-70.75468524347225
0.0217,-70.75302153707658
0.0218,-70.7516972686354
0.0219,-70.75070897779683
0.022000000000000002,-70.75005300394835
0.0221,-70.74972548728282
0.0222,-70.74972237033997
0.0223,-70.75003939997609
0.0224,-70.75067212973329
0.022500000000000003,-70.7516159225899
0.022600000000000002,-70.7528659540805
0.0227,-70.7544172157768
0.0228,-70.75626451912234
0.0229,-70.75840249961479
0.023,-70.7608256213289
0.023100000000000002,-70.76352818177298
0.023200000000000002,-70.7665043170708
0.0233,-70.76974800078168
0.0234,-70.77325304814173
0.0235,-70.77701313529187
0.0236,-70.78102180478152
0.023700000000000002,-70.78527247082489
0.0238,-70.78975842534128
0.0239,-70.7944728445605
0.024,-70.79940879605148
0.0241,-70.80455924608064
0.024200000000000003,-70.80991706723327
0.024300000000000002,-70.81547504625053
0.0244,-70.8212258920446
0.0245,-70.82716222892779
0.0246,-70.83327660868888
0.0247,-70.83956154104604
0.024800000000000003,-70.8460094988255
0.024900000000000002,-70.85261292360568
0.025,-70.85936423247615
0.0251,-70.86625582547221
0.0252,-70.87328009340546
0.0253,-70.88042941586222
0.025400000000000002,-70.88769615708776
0.025500000000000002,-70.89507270824194
0.0256,-70.90255149439261
0.0257,-70.91012497852591
0.0258,-70.91778566698878
0.025900000000000003,-70.92552611574426
0.026000000000000002,-70.93333893104911
0.0261,-70.94121675290103
0.0262,-70.94915230274631
0.0263,-70.95713839142276
0.0264,-70.96516792102695
0.026500000000000003,-70.9732338884358
0.026600000000000002,-70.9813293897435
0.0267,-70.98944760870188
0.0268,-70.99758181998128
0.0269,-71.00572542733639
0.027,-71.01387196500386
0.027100000000000003,-71.02201509809986
0.027200000000000002,-71.0301486244611
0.0273,-71.03826647433073
0.0274,-71.04636268975715
0.0275,-71.05443145512325
0.027600000000000003,-71.06246711402648
0.027700000000000002,-71.07046416641083
0.027800000000000002,-71.0784172677028
0.0279,-71.08632122906644
0.028,-71.09417100943664
0.0281,-71.1019617001184
0.028200000000000003,-71.1096885641247
0.028300000000000002,-71.1173470362886
0.0284,-71.12493271946916
0.0285,-71.13244138237191
0.0286,-71.13986895826672
0.0287,-71.1472115349775
0.028800000000000003,-71.15446534131581
0.028900000000000002,-71.1616267809839
0.029,-71.16869243057708
0.0291,-71.17565903446693
0.0292,-71.18252350121071
0.029300000000000003,-71.18928290082721
0.029400000000000003,-71.19593446211933
0.029500000000000002,-71.20247555206188
0.0296,-71.20890368735382
0.0297,-71.21521655107682
0.0298,-71.22141198550113
0.029900000000000003,-71.22748798680253
0.030000000000000002,-71.23344270090683
0.030100000000000002,-71.23927441998507
0.0302,-71.24498157931089
0.0303,-71.25056275117727
0.0304,-71.25601662657243
0.030500000000000003,-71.26134203619947
0.030600000000000002,-71.2665379517774
0.0307,-71.27160347941411
0.0308,-71.27653785439037
0.0309,-71.28134043679412
0.031,-71.28601070766317
0.031100000000000003,-71.29054826542921
0.031200000000000002,-71.29495282253959
0.0313,-71.29922420218165
0.031400000000000004,-71.30336233119367
0.0315,-71.30736722730543
0.0316,-71.31123901636222
0.0317,-71.31497792873256
0.0318,-71.31858429358859
0.031900000000000005,-71.32205853420636
0.032,-71.32540116389879
0.032100000000000004,-71.32861278234672
0.0322,-71.33169407218404
0.0323,-71.33464579575124
0.0324,-71.33746879196478
0.0325,-71.34016397327208
0.032600000000000004,-71.34273232267385
0.0327,-71.34517489080406
0.0328,-71.34749279306172
0.0329,-71.3496872067923
0.033,-71.35175936851724
0.033100000000000004,-71.35371057065343
0.0332,-71.3555421536064
0.0333,-71.3572555092351
0.0334,-71.35885208173667
0.0335,-71.36033336359773
0.033600000000000005,-71.3617008921892
0.0337,-71.36295624677619
0.033800000000000004,-71.3641010458029
0.0339,-71.36513694436734
0.034,-71.3660656318324
0.0341,-71.36688882954256
0.0342,-71.36760828862468
0.034300000000000004,-71.36822578786217
0.0344,-71.36874313163436
0.0345,-71.36916214791574
0.0346,-71.36948468633302
0.0347,-71.36971261627711
0.034800000000000005,-71.36984782506828
0.0349,-71.3698922161744
0.035,-71.36984770748009
0.0351,-71.36971622960661
0.0352,-71.36949972428138
0.035300000000000005,-71.36920014275621
0.0354,-71.36881944427375
0.035500000000000004,-71.36835959458091
0.0356,-71.36782256448882
0.0357,-71.36721032847795
0.0358,-71.36652486334825
0.0359,-71.36576814691223
0.036000000000000004,-71.36494215673164
0.0361,-71.36404886889538
0.0362,-71.3630902568387
0.0363,-71.36206829020223
0.0364,-71.36098493372997
0.036500000000000005,-71.35984214620595
0.0366,-71.3586418794274
0.0367,-71.35738607721504
0.0368,-71.35607667445807
0.0369,-71.35471559619411
0.037000000000000005,-71.3533047567228
0.0371,-71.35184605875183
0.037200000000000004,-71.35034138934954
0.0373,-71.34879261958521
0.0374,-71.34720160907568
0.0375,-71.34557020455901
0.0376,-71.34390023850779
0.037700000000000004,-71.34219352803342
0.0378,-71.34045187397942
0.0379,-71.33867706013989
0.038,-71.33687085256423
0.0381,-71.33503499892421
0.038200000000000005,-71.33317122792806
0.0383,-71.33128124877223
0.038400000000000004,-71.3293667506247
0.0385,-71.32742940213593
0.0386,-71.32547085097463
0.038700000000000005,-71.3234927233868
0.0388,-71.32149662377677
0.038900000000000004,-71.31948413430861
0.039,-71.31745681452773
0.0391,-71.31541620100212
0.0392,-71.31336380698178
0.0393,-71.31130112207651
0.039400000000000004,-71.30922961195164
0.0395,-71.30715071804067
0.0396,-71.3050658572749
0.0397,-71.30297642182953
0.0398,-71.30088377888544
0.039900000000000005,-71.29878927040717
0.04,-71.2966942103844
0.040100000000000004,-71.294599880878
0.0402,-71.29250754153114
0.0403,-71.29041842908859
0.040400000000000005,-71.28833375606028
0.0405,-71.2862547098564
0.040600000000000004,-71.2841824522171
0.0407,-71.28211811882812
0.0408,-71.28006281905505
0.0409,-71.2780176357557
0.041,-71.27598362514482
0.041100000000000005,-71.27396181669567
0.0412,-71.27195321306914
0.0413,-71.26995879006398
0.0414,-71.26797949658462
0.0415,-71.26601625462412
0.041600000000000005,-71.26406995926115
0.0417,-71.26214147866938
0.041800000000000004,-71.26023165413889
0.0419,-71.25834130010955
0.042,-71.2564712042153
0.042100000000000005,-71.25462212733983
0.0422,-71.25279480368272
0.042300000000000004,-71.25098994083645
0.0424,-71.24920821987396
0.0425,-71.24745029544638
0.0426,-71.2457167958912
0.0427,-71.24400832209601
0.042800000000000005,-71.24232544277392
0.0429,-71.24066870325771
0.043000000000000003,-71.23903862584457
0.0431,-71.23743570887514
0.0432,-71.23586042623769
0.043300000000000005,-71.23431322713714
0.0434,-71.23279453602993
0.043500000000000004,-71.2313047526647
0.0436,-71.22984425219059
0.0437,-71.22841338531109
0.0438,-71.22701247846896
0.0439,-71.22564183405358
0.044000000000000004,-71.22430173062483
0.0441,-71.2229924231512
0.0442,-71.22171414325871
0.0443,-71.22046709949032
0.0444,-71.21925147757446
0.044500000000000005,-71.21806744070177
0.0446,-71.21691512981046
0.044700000000000004,-71.21579466387892
0.0448,-71.21470614022645
0.0449,-71.21364963482065
0.045000000000000005,-71.21262520259208
0.0451,-71.21163287775606
0.045200000000000004,-71.2106726741405
0.0453,-71.20974458552082
0.0454,-71.20884858596061
0.0455,-71.20798463015853
0.0456,-71.20715265380109
0.045700000000000005,-71.20635257392088
0.0458,-71.20558428926033
0.0459,-71.20484768064046
0.046,-71.20414261133496
0.0461,-71.2034689274485
0.046200000000000005,-71.20282645830004
0.0463,-71.20221501680993
0.046400000000000004,-71.20163439989133
0.0465,-71.20108438884532
0.0466,-71.2005647497595
0.046700000000000005,-71.20007523391003
0.0468,-71.19961557816629
0.046900000000000004,-71.19918550539883
0.047,-71.19878472488958
0.0471,-71.19841293274409
0.0472,-71.19806981230631
0.0473,-71.19775503457457
0.047400000000000005,-71.19746825861914
0.0475,-71.19720913200133
0.0476,-71.19697729119304
0.0477,-71.19677236199726
0.0478,-71.19659395996872
0.047900000000000005,-71.1964416908352
0.048,-71.19631515091787
0.048100000000000004,-71.19621392755207
0.0482,-71.19613759950654
0.0483,-71.19608573740263
0.048400000000000006,-71.19605790413146
0.0485,-71.19605365527038
0.048600000000000004,-71.1960725394969
0.0487,-71.1961140990013
0.0488,-71.19617786989684
0.0489,-71.19626338262717
0.049,-71.19637016237124
0.049100000000000005,-71.19649772944547
0.0492,-71.19664559970224
0.049300000000000004,-71.19681328492517
0.0494,-71.19700029322071
0.0495,-71.1972061294058
0.049600000000000005,-71.19743029539141
0.0497,-71.19767229056164
0.049800000000000004,-71.19793161214852
0.0499,-71.19820775560163
0.05,-71.19850021495311
0.050100000000000006,-71.19880848317747
0.0502,-71.19913205254582
0.050300000000000004,-71.19947041497495
0.0504,-71.19982306237033
0.0505,-71.20018948696352
0.0506,-71.20056918164344
0.0507,-71.20096164028162
0.050800000000000005,-71.20136635805075
0.0509,-71.20178283173739
0.051000000000000004,-71.20221056004746
0.0511,-71.20264904390535
0.0512,-71.20309778674618
0.051300000000000005,-71.20355629480105
0.0514,-71.20402407737542
0.051500000000000004,-71.20450064711994
0.0516,-71.20498552029473
0.0517,-71.20547821702564
0.051800000000000006,-71.2059782615537
0.0519,-71.20648518247691
0.052000000000000005,-71.20699851298428
0.0521,-71.20751779108309
0.0522,-71.20804255981767
0.0523,-71.20857236748124
0.0524,-71.20910676781975
0.052500000000000005,-71.20964532022836
0.0526,-71.21018758993985
0.052700000000000004,-71.2107331482058
0.0528,-71.2112815724697
0.0529,-71.21183244653267
0.053000000000000005,-71.21238536071168
0.0531,-71.21293991198947
0.053200000000000004,-71.21349570415772
0.0533,-71.2140523479521
0.0534,-71.21460946118002
0.053500000000000006,-71.21516666884072
0.0536,-71.21572360323822
0.053700000000000005,-71.21627990408675
0.0538,-71.21683521860881
0.0539,-71.21738920162596
0.054,-71.21794151564292
0.0541,-71.21849183092391
0.054200000000000005,-71.21903982556243
0.0543,-71.21958518554395
0.054400000000000004,-71.22012760480185
0.0545,-71.22066678526676
0.0546,-71.22120243690888
0.054700000000000006,-71.22173427777435
0.0548,-71.22226203401458
0.054900000000000004,-71.22278543990973
0.055,-71.223304237886
0.0551,-71.22381817852636
0.055200000000000006,-71.22432702057586
0.0553,-71.22483053094098
0.055400000000000005,-71.22532848468296
0.0555,-71.22582066500601
0.055600000000000004,-71.22630686323953
0.0557,-71.22678687881559
0.0558,-71.22726051924069
0.055900000000000005,-71.22772760006276
0.056,-71.22818794483315
0.056100000000000004,-71.2286413850638
0.0562,-71.22908776017961
0.0563,-71.22952691746656
0.056400000000000006,-71.22995871201537
0.0565,-71.23038300666076
0.056600000000000004,-71.23079967191661
0.0567,-71.23120858590731
0.0568,-71.23160963429522
0.056900000000000006,-71.23200271020424
0.057,-71.23238771414
0.057100000000000005,-71.2327645539067
0.0572,-71.23313314452042
0.057300000000000004,-71.23349340811951
0.0574,-71.23384527387178
0.0575,-71.23418867787886
0.057600000000000005,-71.2345235630778
0.0577,-71.23484987914036
0.057800000000000004,-71.23516758236917
0.0579,-71.23547663559212
0.058,-71.23577700805436
0.058100000000000006,-71.2360686753079
0.0582,-71.2363516190997
0.058300000000000005,-71.2366258272576
0.0584,-71.23689129357463
0.0585,-71.23714801769177
0.058600000000000006,-71.23739600497902
0.0587,-71.23763526641532
0.058800000000000005,-71.23786581846714
0.0589,-71.2380876829658
0.059000000000000004,-71.23830088698402
0.0591,-71.23850546271134
0.0592,-71.23870144732882
0.059300000000000005,-71.23888888288296
0.0594,-71.23906781615908
0.059500000000000004,-71.2392382985542
0.0596,-71.23940038594954
0.0597,-71.23955413858249
0.059800000000000006,-71.23969962091878
0.0599,-71.23983690152424
0.060000000000000005,-71.23996605293648
0.0601,-71.24008715153681
0.060200000000000004,-71.24020027742226
0.0603,-71.24030551427774
0.0604,-71.24040294924869
0.060500000000000005,-71.24049267281384
0.0606,-71.24057477865867
0.060700000000000004,-71.24064936354945
0.0608,-71.24071652720754
0.0609,-71.24077637218478
0.061000000000000006,-71.24082900373955
0.0611,-71.24087452971325
0.061200000000000004,-71.24091306040836
0.0613,-71.2409447084667
0.0614,-71.24096958874921
0.061500000000000006,-71.24098781821664
0.0616,-71.24099951581137
0.061700000000000005,-71.24100480234016
0.0618,-71.24100380035853
0.061900000000000004,-71.24099663405615
0.062,-71.24098342914343
0.0621,-71.24096431273988
0.062200000000000005,-71.24093941326345
0.0623,-71.24090886032155
0.062400000000000004,-71.24087278460334
0.0625,-71.24083131777395
0.0626,-71.24078459236974
0.0627,-71.24073274169548
0.06280000000000001,-71.24067589972313
0.0629,-71.2406142009921
0.063,-71.24054778051125
0.0631,-71.24047677366285
0.0632,-71.24040131610786
0.06330000000000001,-71.24032154369314
0.0634,-71.24023759236053
0.0635,-71.24014959805768
0.0636,-71.2400576966506
0.0637,-71.23996202383792
0.06380000000000001,-71.23986271506755
0.0639,-71.23975990545439
0.064,-71.23965372970073
0.0641,-71.23954432201776
0.06420000000000001,-71.23943181604963
0.06430000000000001,-71.23931634479905
0.0644,-71.23919804055478
0.0645,-71.23907703482118
0.0646,-71.23895345824965
0.06470000000000001,-71.23882744057194
0.0648,-71.23869911053526
0.0649,-71.23856859583985
0.065,-71.23843602307761
0.0651,-71.23830151767329
0.06520000000000001,-71.23816520382748
0.0653,-71.2380272044614
0.0654,-71.23788764116368
0.0655,-71.23774663413893
0.0656,-71.23760430215839
0.06570000000000001,-71.23746076251236
0.0658,-71.23731613096437
0.0659,-71.23717052170755
0.066,-71.23702404732255
0.0661,-71.23687681873739
0.06620000000000001,-71.23672894518951
0.0663,-71.2365805341889
0.0664,-71.23643169148363
0.0665,-71.23628252102701
0.0666,-71.23613312494653
0.06670000000000001,-71.2359836035146
0.0668,-71.23583405512079
0.0669,-71.23568457624619
0.067,-71.23553526143908
0.0671,-71.2353862032928
0.06720000000000001,-71.23523749242472
0.0673,-71.23508921745713
0.0674,-71.23494146499998
0.0675,-71.23479431963459
0.06760000000000001,-71.23464786389994
0.06770000000000001,-71.23450217827937
0.0678,-71.23435734118979
0.0679,-71.2342134289719
0.068,-71.23407051588192
0.06810000000000001,-71.23392867408504
0.0682,-71.23378797365015
0.0683,-71.23364848254602
0.0684,-71.23351026663869
0.0685,-71.23337338969083
0.06860000000000001,-71.23323791336159
0.0687,-71.23310389720861
0.0688,-71.23297139869064
0.0689,-71.23284047317185
0.069,-71.23271117392721
0.06910000000000001,-71.23258355214924
0.0692,-71.23245765695569
0.0693,-71.23233353539857
0.0694,-71.23221123247434
0.0695,-71.23209079113508
0.06960000000000001,-71.23197225230071
0.0697,-71.23185565487248
0.0698,-71.23174103574715
0.0699,-71.23162842983264
0.07,-71.23151787006398
0.07010000000000001,-71.23140938742087
0.0702,-71.23130301094562
0.0703,-71.23119876776244
0.0704,-71.23109668309702
0.07050000000000001,-71.23099678029755
0.07060000000000001,-71.23089908085592
0.0707,-71.2308036044302
0.0708,-71.23071036886766
0.0709,-71.23061939022834
0.07100000000000001,-71.23053068280954
0.0711,-71.2304442591707
0.0712,-71.23036013015933
0.0713,-71.23027830493712
0.0714,-71.2301987910067
0.07150000000000001,-71.23012159423922
0.0716,-71.23004671890202
0.0717,-71.22997416768712
0.0718,-71.22990394174003
0.0719,-71.22983604068897
0.07200000000000001,-71.22977046267457
0.0721,-71.22970720437993
0.0722,-71.22964626106102
0.0723,-71.22958762657738
0.0724,-71.2295312934232
0.07250000000000001,-71.22947725275841
0.0726,-71.22942549444063
0.0727,-71.22937600705664
0.0728,-71.22932877795446
0.0729,-71.22928379327556
0.07300000000000001,-71.22924103798708
0.0731,-71.22920049591436
0.0732,-71.22916214977357
0.0733,-71.22912598120415
0.0734,-71.22909197080166
0.07350000000000001,-71.22906009815053
0.0736,-71.22903034185666
0.0737,-71.22900267958049
0.0738,-71.22897708806953
0.07390000000000001,-71.22895354319095
0.07400000000000001,-71.22893201996457
0.0741,-71.22891249259506
0.0742,-71.22889493450454
0.0743,-71.22887931836497
0.07440000000000001,-71.22886561613021
0.0745,-71.22885379906815
0.0746,-71.22884383779241
0.0747,-71.22883570229419
0.0748,-71.22882936197361
0.07490000000000001,-71.22882478567102
0.075,-71.22882194169792
0.0751,-71.2288207978676
0.0752,-71.22882132152577
0.0753,-71.22882347958074
0.07540000000000001,-71.22882723853301
0.0755,-71.22883256450515
0.0756,-71.22883942327088
0.0757,-71.2288477802839
0.0758,-71.22885760070666
0.07590000000000001,-71.2288688494383
0.076,-71.22888149114249
0.0761,-71.22889549027487
0.0762,-71.22891081111015
0.0763,-71.22892741776867
0.07640000000000001,-71.22894527424248
0.0765,-71.22896434442124
0.0766,-71.2289845921176
0.0767,-71.22900598109192
0.07680000000000001,-71.22902847507687
0.07690000000000001,-71.22905203780134
0.077,-71.22907663301406
0.0771,-71.22910222450649
0.0772,-71.2291287761356
0.07730000000000001,-71.22915625184584
0.07740000000000001,-71.22918461569078
0.0775,-71.2292138318543
0.0776,-71.2292438646711
0.0777,-71.229274678647
0.07780000000000001,-71.22930623847834
0.0779,-71.22933850907131
0.078,-71.22937145556047
0.0781,-71.2294050433268
0.0782,-71.22943923801542
0.07830000000000001,-71.22947400555258
0.0784,-71.22950931216221
0.0785,-71.22954512438204
0.0786,-71.22958140907909
0.0787,-71.22961813346457
0.07880000000000001,-71.22965526510849
0.0789,-71.22969277195371
0.079,-71.22973062232921
0.0791,-71.22976878496323
0.0792,-71.22980722899558
0.07930000000000001,-71.22984592398954
0.0794,-71.22988483994341
0.0795,-71.2299239473014
0.0796,-71.22996321696381
0.07970000000000001,-71.23000262029736
0.07980000000000001,-71.23004212914411
0.0799,-71.23008171583075
0.08,-71.23012135317691
0.0801,-71.23016101450314
0.08020000000000001,-71.23020067363822
0.08030000000000001,-71.23024030492631
0.0804,-71.23027988323335
0.0805,-71.23031938395327
0.0806,-71.23035878301337
0.08070000000000001,-71.23039805687961
0.08080000000000001,-71.23043718256115
0.0809,-71.23047613761466
0.081,-71.2305149001482
0.0811,-71.23055344882448
0.08120000000000001,-71.23059176286364
0.0813,-71.23062982204605
0.0814,-71.23066760671435
0.0815,-71.23070509777496
0.0816,-71.23074227669957
0.08170000000000001,-71.23077912552597
0.0818,-71.23081562685849
0.0819,-71.23085176386826
0.082,-71.23088752029297
0.0821,-71.23092288043614
0.08220000000000001,-71.23095782916633
0.0823,-71.23099235191577
0.0824,-71.23102643467865
0.0825,-71.23106006400934
0.0826,-71.23109322701987
0.08270000000000001,-71.23112591137739
0.0828,-71.23115810530132
0.0829,-71.23118979755999
0.083,-71.23122097746734
0.08310000000000001,-71.2312516348789
0.08320000000000001,-71.2312817601877
0.0833,-71.23131134432015
0.0834,-71.23134037873113
0.0835,-71.23136885539944
0.08360000000000001,-71.23139676682236
0.08370000000000001,-71.23142410601066
0.0838,-71.23145086648277
0.0839,-71.23147704225907
0.084,-71.2315026278559
0.08410000000000001,-71.2315276182793
0.08420000000000001,-71.23155200901878
0.0843,-71.23157579604047
0.0844,-71.23159897578066
0.0845,-71.23162154513851
0.08460000000000001,-71.23164350146921
0.0847,-71.23166484257668
0.0848,-71.23168556670606
0.0849,-71.23170567253636
0.085,-71.2317251591725
0.08510000000000001,-71.23174402613783
0.0852,-71.23176227336586
0.0853,-71.23177990119254
0.0854,-71.23179691034804
0.0855,-71.23181330194834
0.08560000000000001,-71.2318290774872
0.0857,-71.23184423882756
0.0858,-71.23185878819314
0.0859,-71.2318727281599
0.08600000000000001,-71.23188606164751
0.08610000000000001,-71.23189879191058
0.0862,-71.23191092253003
0.0863,-71.23192245740434
0.0864,-71.23193340074089
0.08650000000000001,-71.23194375704686
0.08660000000000001,-71.2319535311208
0.0867,-71.23196272804364
0.0868,-71.23197135316967
0.0869,-71.23197941211801
0.08700000000000001,-71.23198691076352
0.08710000000000001,-71.2319938552281
0.0872,-71.2320002518719
0.0873,-71.23200610728445
0.0874,-71.23201142827584
0.08750000000000001,-71.2320162218681
0.0876,-71.23202049528649
0.0877,-71.23202425595068
0.0878,-71.23202751146631
0.0879,-71.23203026961633
0.08800000000000001,-71.23203253835244
0.0881,-71.23203432578678
0.0882,-71.23203564018351
0.0883,-71.23203648995022
0.0884,-71.23203688362997
0.08850000000000001,-71.23203682989299
0.0886,-71.23203633752864
0.0887,-71.23203541543741
0.0888,-71.23203407262274
0.0889,-71.23203231818351
0.08900000000000001,-71.23203016130606
0.0891,-71.23202761125663
0.0892,-71.2320246773738
0.0893,-71.23202136906104
0.08940000000000001,-71.23201769577936
0.08950000000000001,-71.23201366703996
0.0896,-71.23200929239728
0.0897,-71.23200458144188
0.0898,-71.23199954379348
0.08990000000000001,-71.23199418909432
0.09000000000000001,-71.23198852700233
0.0901,-71.23198256718474
0.0902,-71.23197631931153
0.0903,-71.23196979304919
0.09040000000000001,-71.23196299805454
0.09050000000000001,-71.23195594396864
0.0906,-71.23194864041099
0.0907,-71.23194109697356
0.0908,-71.23193332321537
0.09090000000000001,-71.23192532865669
0.091,-71.23191712277382
0.0911,-71.23190871499396
0.0912,-71.2319001146897
0.0913,-71.23189133117447
0.09140000000000001,-71.2318823736974
0.0915,-71.23187325143873
0.0916,-71.23186397350517
0.0917,-71.23185454892558
0.0918,-71.23184498664648
0.09190000000000001,-71.23183529552813
0.092,-71.23182548434018
0.0921,-71.2318155617582
0.0922,-71.23180553635957
0.09230000000000001,-71.23179541662003
0.09240000000000001,-71.23178521091015
0.0925,-71.23177492749208
0.0926,-71.23176457451619
0.0927,-71.23175416001811
0.09280000000000001,-71.23174369191584
0.09290000000000001,-71.23173317800676
0.093,-71.23172262596516
0.0931,-71.23171204333956
0.0932,-71.23170143755043
0.09330000000000001,-71.23169081588782
0.09340000000000001,-71.23168018550913
0.0935,-71.2316695534374
0.0936,-71.23165892655895
0.0937,-71.23164831162204
0.09380000000000001,-71.23163771523505
0.09390000000000001,-71.23162714386491
0.094,-71.23161660383573
0.0941,-71.23160610132753
0.0942,-71.23159564237517
0.09430000000000001,-71.2315852328671
0.0944,-71.23157487854459
0.0945,-71.23156458500083
0.0946,-71.23155435768031
0.0947,-71.231544201878
0.09480000000000001,-71.23153412273922
0.0949,-71.23152412525899
0.095,-71.23151421428173
0.0951,-71.23150439450119
0.0952,-71.23149467046039
0.09530000000000001,-71.23148504655164
0.0954,-71.23147552701656
0.0955,-71.23146611594636
0.0956,-71.23145681728212
0.09570000000000001,-71.23144763481528
0.09580000000000001,-71.23143857218797
0.0959,-71.2314296328937
0.096,-71.23142082027803
0.0961,-71.2314121375392
0.09620000000000001,-71.231403587729
0.09630000000000001,-71.23139517375371
0.0964,-71.23138689837505
0.0965,-71.23137876421126
0.0966,-71.23137077373815
0.09670000000000001,-71.23136292929033
0.09680000000000001,-71.23135523306246
0.0969,-71.23134768711058
0.097,-71.23134029335357
0.0971,-71.2313330535744
0.09720000000000001,-71.23132596942192
0.09730000000000001,-71.23131904241211
0.0974,-71.23131227393003
0.0975,-71.23130566523123
0.0976,-71.23129921744359
0.09770000000000001,-71.23129293156904
0.0978,-71.2312868084855
0.0979,-71.2312808489485
0.098,-71.23127505359348
0.0981,-71.23126942293734
0.09820000000000001,-71.2312639573806
0.0983,-71.23125865720942
0.0984,-71.23125352259765
0.0985,-71.23124855360899
0.09860000000000001,-71.23124375019881
0.09870000000000001,-71.23123911221671
0.0988,-71.23123463940847
0.0989,-71.23123033141817
0.099,-71.2312261877906
0.09910000000000001,-71.23122220797337
0.09920000000000001,-71.23121839131932
0.0993,-71.23121473708852
0.0994,-71.2312112444508
0.0995,-71.23120791248802
0.09960000000000001,-71.23120474019632
0.09970000000000001,-71.23120172648842
0.0998,-71.23119887019614
0.0999,-71.23119617007245
0.1,-71.23119362479419
0.10010000000000001,-71.23119123296395
0.10020000000000001,-68.10453666320171
0.1003,-65.05379569225988
0.1004,-62.01266806605757
0.1005,-58.85966067470168
0.10060000000000001,-55.353887835952406
0.10070000000000001,-50.99696078540142
0.1008,-44.67649761163871
0.1009,-33.62356635449003
0.101,-10.804114531429112
0.10110000000000001,28.331345004994514
0.1012,45.36169762179262
0.1013,44.51112186817183
0.1014,42.29629895489427
0.1015,39.236413463336284
0.10160000000000001,35.48376685235183
0.1017,31.22749330353862
0.1018,26.613373414394765
0.1019,21.774586458193703
0.10200000000000001,16.82316080501483
0.10210000000000001,11.847528308818331
0.1022,6.91352399531528
0.1023,2.067231325491033
0.1024,-2.6614442322123995
0.10250000000000001,-7.2551710781887655
0.10260000000000001,-11.705981224018288
0.1027,-16.01275921610513
0.1028,-20.179739281284704
0.1029,-24.216366627769037
0.10300000000000001,-28.138840178875803
0.10310000000000001,-31.973380751052243
0.1032,-35.76071622576954
0.1033,-39.56051257591287
0.1034,-43.45348783213393
0.10350000000000001,-47.53656313805908
0.10360000000000001,-51.90044621072129
0.1037,-56.56935224542976
0.1038,-61.38619303703159
0.1039,-65.90339340476378
0.10400000000000001,-69.5008670544361
0.1041,-71.82414817105332
0.1042,-73.03619455287229
0.1043,-73.54940762199554
0.1044,-73.70451887860007
0.10450000000000001,-73.69403588508001
0.1046,-73.6088753378724
0.1047,-73.48870288483127
0.1048,-73.3503977682299
0.10490000000000001,-73.20118364043684
0.10500000000000001,-73.04422747849023
0.1051,-72.880970410141
0.1052,-72.71210165891785
0.1053,-72.53797334052665
0.10540000000000001,-72.35878221771922
0.10550000000000001,-72.17465218199963
0.1056,-71.98567321711795
0.1057,-71.79192058572279
0.1058,-71.59346469458481
0.10590000000000001,-71.39037629820568
0.10600000000000001,-71.18272925860718
0.1061,-70.97060194213407
0.1062,-70.75407777694241
0.1063,-70.53324525438222
0.10640000000000001,-70.30819752841981
0.10650000000000001,-70.07903169950407
0.1066,-69.84584783320992
0.1067,-69.60874775843538
0.1068,-69.3678336255112
0.10690000000000001,-69.12320625151182
0.10700000000000001,-68.87496326292434
0.1071,-68.62319701249349
0.1072,-68.36799227804381
0.1073,-68.1094237270325
0.10740000000000001,-67.84755313330652
0.1075,-67.58242631983637
0.1076,-67.31406980077618
0.1077,-67.04248708291426
0.1078,-66.76765457244092
0.10790000000000001,-66.48951701621648
0.108,-66.20798238383456
0.1081,-65.92291607419058
0.1082,-65.63413428002828
0.10830000000000001,-65.34139630949147
0.10840000000000001,-65.04439557837928
0.1085,-64.74274895401747
0.1086,-64.43598393054513
0.1087,-64.12352304830821
0.10880000000000001,-63.804664770725175
0.10890000000000001,-63.47855964363598
0.109,-63.14418030302403
0.1091,-62.800283300421356
0.1092,-62.445359897827885
0.10930000000000001,-62.07757205718914
0.10940000000000001,-61.69466787776991
0.1095,-61.29386870184514
0.1096,-60.87171605995767
0.1097,-60.423861294650784
0.10980000000000001,-59.94477140682331
0.10990000000000001,-59.427310455023765
0.11,-58.86213212893078
0.1101,-58.236778795896946
0.1102,-57.53431235237667
0.11030000000000001,-56.7311771880268
0.11040000000000001,-55.79376324592018
0.1105,-54.672693256771225
0.1106,-53.29297987860128
0.1107,-51.5364137872287
0.11080000000000001,-49.20888564225646
0.1109,-45.97819057820206
0.111,-41.25719675710504
0.1111,-34.01552857964491
0.11120000000000001,-22.6954700231619
0.11130000000000001,-6.428264066474891
0.1114,10.416799303616015
0.1115,19.31242491413058
0.1116,20.01153644049406
0.11170000000000001,16.93860139017127
0.11180000000000001,12.411244722127755
0.1119,7.310928210093954
0.112,2.039481257035764
0.1121,-3.1946475777193744
0.11220000000000001,-8.283134670137825
0.11230000000000001,-13.174356704953153
0.1124,-17.849207583662533
0.1125,-22.307628366390553
0.1126,-26.56235941241802
0.11270000000000001,-30.63782862233042
0.11280000000000001,-34.57222220451361
0.1129,-38.42039674477917
0.113,-42.25497549483747
0.1131,-46.16237223619889
0.11320000000000001,-50.22807660846539
0.11330000000000001,-54.50058981990502
0.1134,-58.922463762030205
0.1135,-63.24535498408204
0.1136,-67.0298257195324
0.11370000000000001,-69.85844872883432
0.11380000000000001,-71.62601181289507
0.1139,-72.55352884856117
0.114,-72.9562313658726
0.11410000000000001,-73.07498462303592
0.11420000000000001,-73.0503711139237
0.1143,-72.95430626495711
0.1144,-72.82145810858754
0.1145,-72.66822653135691
0.11460000000000001,-72.50240616672313
0.11470000000000001,-72.32777614415376
0.1148,-72.14622843549174
0.1149,-71.95875384573547
0.115,-71.76590411361006
0.11510000000000001,-71.56801258183398
0.11520000000000001,-71.36530208382155
0.1153,-71.15793907677512
0.1154,-70.94606148480374
0.1155,-70.72979335746842
0.11560000000000001,-70.50925265837226
0.11570000000000001,-70.28455532932016
0.1158,-70.05581724181465
0.1159,-69.82315488680318
0.116,-69.58668521272112
0.11610000000000001,-69.34652492321023
0.11620000000000001,-69.10278936512898
0.1163,-68.85559105481892
0.1164,-68.60503794284759
0.1165,-68.35123140844385
0.11660000000000001,-68.09426401483543
0.11670000000000001,-67.83421702536808
0.1168,-67.57115767548643
0.1169,-67.30513618752398
0.117,-67.03618250245965
0.11710000000000001,-66.76430269728894
0.11720000000000001,-66.48947504007366
0.1173,-66.21164561882287
0.1174,-65.93072345701393
0.11750000000000001,-65.64657499460813
0.11760000000000001,-65.35901780415601
0.1177,-65.0678133177022
0.1178,-64.77265833984544
0.1179,-64.4731749876443
0.11800000000000001,-64.16889864148548
0.11810000000000001,-63.859263290533704
0.1182,-63.543583597679
0.1183,-63.221032568452515
0.1184,-62.890613511134816
0.11850000000000001,-62.551124438160684
0.11860000000000001,-62.201112345578764
0.1187,-61.838813802704685
0.1188,-61.46207697641225
0.1189,-61.06825780947009
0.11900000000000001,-60.65408009984098
0.11910000000000001,-60.21544416682226
0.1192,-59.747161180988215
0.1193,-59.24257778225683
0.1194,-58.69303594326991
0.11950000000000001,-58.0870792119124
0.11960000000000001,-57.40925966795629
0.1197,-56.638298327860895
0.1198,-55.744168328376404
0.1199,-54.683325107372355
0.12000000000000001,-53.39064159402957
0.12010000000000001,-51.765285156913116
0.1202,-49.64513271881947
0.1203,-46.75924529528859
0.12040000000000001,-42.64004997114478
0.12050000000000001,-36.47760212587081
0.1206,-26.99406423593391
0.1207,-12.98462730004546
0.1208,3.649233628573517
0.12090000000000001,15.473063937985781
0.12100000000000001,18.690313815619245
0.1211,16.697695772937095
0.1212,12.568935548515496
0.1213,7.598551477765895
0.12140000000000001,2.340126614705314
0.12150000000000001,-2.932442959988476
0.1216,-8.078460609162056
0.1217,-13.029874912060661
0.1218,-17.759548452950643
0.12190000000000001,-22.26380987716744
0.12200000000000001,-26.554034053247037
0.1221,-30.654377048095366
0.1222,-34.60323251144739
0.1223,-38.45573241495736
0.12240000000000001,-42.28446681382834
0.12250000000000001,-46.175180744363104
0.1226,-50.21208069171761
0.1227,-54.442857729210836
0.1228,-58.81293961952528
0.12290000000000001,-63.08532776648853
0.12300000000000001,-66.83961563310196
0.1231,-69.67023370847656
0.1232,-71.46305671419947
0.1233,-72.42040601551462
0.12340000000000001,-72.84619493009927
0.12350000000000001,-72.97932975233387
0.1236,-72.96242689104562
0.1237,-72.86983995741194
0.12380000000000001,-72.73800354208643
0.12390000000000001,-72.58440138054176
0.124,-72.41744809852918
0.1241,-72.24126799411182
0.1242,-72.0579446430283
0.12430000000000001,-71.86857667027533
0.12440000000000001,-71.67377817490564
0.1245,-71.47392005171751
0.1246,-71.26924896566162
0.1247,-71.05994740110621
0.12480000000000001,-70.84616474649027
0.12490000000000001,-70.62803371399603
0.125,-70.40567909490485
0.12510000000000002,-70.17922235550839
0.1252,-69.9487838757121
0.1253,-69.71448379309969
0.1254,-69.47644190690528
0.1255,-69.23477699965156
0.12560000000000002,-68.98960570897827
0.1257,-68.74104103419005
0.1258,-68.48919055443784
0.1259,-68.23415438258323
0.126,-67.97602286217119
0.12610000000000002,-67.71487402956797
0.1262,-67.45077082180892
0.1263,-67.18375802207952
0.1264,-66.9138589177829
0.1265,-66.64107163327246
0.12660000000000002,-66.36536508552149
0.1267,-66.08667449236782
0.1268,-65.80489634261421
0.1269,-65.51988270467248
0.127,-65.23143470242826
0.12710000000000002,-64.93929496712039
0.1272,-64.64313877664429
0.1273,-64.34256351007056
0.1274,-64.03707598293614
0.1275,-63.72607702018637
0.12760000000000002,-63.408842411970504
0.1277,-63.084499213861584
0.1278,-62.751995893372545
0.1279,-62.41006425583053
0.128,-62.05717047038088
0.12810000000000002,-61.691451188760595
0.1282,-61.31062937835471
0.1283,-60.91190196852261
0.12840000000000001,-60.49178785210658
0.1285,-60.045919255781605
0.12860000000000002,-59.5687508002158
0.1287,-59.053146571235686
0.1288,-58.489782929968285
0.12890000000000001,-57.86626621681135
0.129,-57.16579828827246
0.1291,-56.36510540444682
0.1292,-55.43113022410899
0.1293,-54.31558000352593
0.12940000000000002,-52.94563319976381
0.1295,-51.20753633549169
0.1296,-48.916708331707554
0.1297,-45.76219747511323
0.1298,-41.20583166399218
0.12990000000000002,-34.328126129935896
0.13,-23.777044288119047
0.1301,-8.758256644963824
0.1302,7.310194245263665
0.1303,16.810359247590167
0.13040000000000002,18.277952864936683
0.1305,15.54019396793619
0.1306,11.114570983418691
0.1307,6.030536315465556
0.1308,0.747919554262069
0.13090000000000002,-4.501524496521274
0.131,-9.599929258491109
0.1311,-14.492303091513653
0.1312,-19.159082037161927
0.1313,-23.601334073716522
0.13140000000000002,-27.83421479859964
0.1315,-31.885971175354104
0.1316,-35.799929404658705
0.1317,-39.636701276580155
0.1318,-43.47369461128575
0.13190000000000002,-47.39832697566422
0.132,-51.488407204539776
0.1321,-55.768655973273255
0.1322,-60.13666924538151
0.1323,-64.29335655933768
0.13240000000000002,-67.79471594241679
0.1325,-70.30226782019083
0.1326,-71.81095595380843
0.1327,-72.57754458006171
0.1328,-72.89546710059122
0.13290000000000002,-72.97283328569843
0.133,-72.92787797449213
0.1331,-72.82087150441188
0.1332,-72.68112205014715
0.1333,-72.52270434257984
0.13340000000000002,-72.35243206785505
0.1335,-72.17367664745666
0.1336,-71.98816337568267
0.1337,-71.79681749245026
0.1338,-71.60016771238975
0.13390000000000002,-71.39854229412887
0.134,-71.19216649954859
0.1341,-70.98121223846287
0.1342,-70.76582395381922
0.1343,-70.54613235337165
0.13440000000000002,-70.32226174189732
0.1345,-70.09433381391392
0.1346,-69.86246941200541
0.13470000000000001,-69.62678905105987
0.1348,-69.38741266282436
0.13490000000000002,-69.14445874194689
0.135,-68.89804310503195
0.1351,-68.64827729425623
0.13520000000000001,-68.39526671546837
0.1353,-68.13910849560925
0.13540000000000002,-67.8798891069461
0.1355,-67.61768173977215
0.1356,-67.35254342426612
0.13570000000000002,-67.08451188286973
0.1358,-66.81360208157666
0.1359,-66.53980244114588
0.136,-66.26307064957507
0.1361,-65.98332899802261
0.13620000000000002,-65.70045913679523
0.1363,-65.41429612633739
0.1364,-65.12462158579547
0.1365,-64.83115572788897
0.1366,-64.53354797325773
0.13670000000000002,-64.23136573284846
0.1368,-63.92408086590512
0.1369,-63.61105313212942
0.137,-63.291509684292926
0.1371,-62.964519429051236
0.13720000000000002,-62.62896060880513
0.1373,-62.2834793535438
0.1374,-61.92643606890748
0.1375,-61.55583527117606
0.1376,-61.16923280070455
0.13770000000000002,-60.76361134716834
0.1378,-60.3352112227845
0.1379,-59.87929692705521
0.138,-59.38982964108288
0.1381,-58.85899953803293
0.13820000000000002,-58.27654461052632
0.1383,-57.628736469269306
0.1384,-56.89683327933601
0.1385,-56.05465585030252
0.1386,-55.06467576579296
0.13870000000000002,-53.87149557656906
0.1388,-52.39060280251229
0.1389,-50.488292628012786
0.139,-47.94475988422478
0.1391,-44.38559340465262
0.13920000000000002,-39.16130798254564
0.1393,-31.192001649626448
0.1394,-19.097836072905896
0.1395,-3.0084815926623034
0.1396,11.560300227441163
0.13970000000000002,18.003950743087195
0.1398,17.610396367639844
0.1399,14.11361502902251
0.14,9.387232121533751
0.1401,4.19836829937692
0.14020000000000002,-1.0918574867254185
0.1403,-6.298793475227838
0.1404,-11.330292918972447
0.1405,-16.145850003118724
0.1406,-20.734190415454442
0.14070000000000002,-25.101663360135937
0.1408,-29.26788485313383
0.1409,-33.26606827727547
0.14100000000000001,-37.14540469172308
0.1411,-40.97265705882232
0.14120000000000002,-44.82996495831595
0.1413,-48.80454930706954
0.1414,-52.96219289108759
0.14150000000000001,-57.29291364938422
0.1416,-61.63069986081337
0.14170000000000002,-65.60967950660698
0.1418,-68.78761685932037
0.1419,-70.9293866283226
0.14200000000000002,-72.14411564155448
0.1421,-72.72451477037268
0.1422,-72.94028787649206
0.1423,-72.96535957326734
0.1424,-72.89401361041764
0.14250000000000002,-72.77329408060409
0.1426,-72.62591547053209
0.1427,-72.46279888530111
0.1428,-72.28926556488047
0.1429,-72.10797647755408
0.14300000000000002,-71.9203137219369
0.1431,-71.72703359738433
0.1432,-71.52857997673875
0.1433,-71.32523779817024
0.1434,-71.11720997715965
0.14350000000000002,-70.90465692973852
0.1436,-70.68771733370613
0.1437,-70.46651919053681
0.1438,-70.2411856932611
0.1439,-70.01183819344186
0.14400000000000002,-69.77859748135612
0.1441,-69.54158399892904
0.1442,-69.30091732801993
0.1443,-69.05671522157886
0.1444,-68.80909220703987
0.14450000000000002,-68.55815791004707
0.1446,-68.3040150776584
0.1447,-68.04675736136906
0.1448,-67.7864668480831
0.1449,-67.52321135073785
0.14500000000000002,-67.25704143436279
0.1451,-66.98798716481797
0.1452,-66.716054545294
0.1453,-66.44122159347887
0.1454,-66.16343399613709
0.14550000000000002,-65.88260025562204
0.1456,-65.59858621234474
0.1457,-65.31120879938351
0.1458,-65.02022882796732
0.1459,-64.72534255102403
0.14600000000000002,-64.42617169118495
0.1461,-64.12225145924359
0.1462,-63.81301603179132
0.1463,-63.49778073122822
0.1464,-63.17571985674872
0.14650000000000002,-62.84583885737477
0.1466,-62.506939009646906
0.1467,-62.157572074051316
0.1468,-61.79598137532183
0.1469,-61.42002450204938
0.14700000000000002,-61.02707045786046
0.1471,-60.613861119307344
0.1472,-60.17632195401934
0.14730000000000001,-59.70929932573218
0.1474,-59.206189769543016
0.14750000000000002,-58.658406955025306
0.1476,-58.05459948190624
0.1477,-57.379476517247284
0.14780000000000001,-56.61200006988866
0.1479,-55.722523527124686
0.14800000000000002,-54.668122402785166
0.1481,-53.38471828103089
0.1482,-51.773325398512924
0.14830000000000002,-49.67521577482326
0.1484,-46.82595030280502
0.14850000000000002,-42.77071201130839
0.1486,-36.72379959830685
0.1487,-27.44349244290365
0.14880000000000002,-13.720179380234384
0.1489,2.7732945988862654
0.149,14.862962836616214
0.1491,18.416402638375885
0.1492,16.590015412051635
0.14930000000000002,12.524471849238008
0.1494,7.575668372877698
0.1495,2.321345287901509
0.1496,-2.9545742621584403
0.1497,-8.10663099618445
0.14980000000000002,-13.064425542839494
0.1499,-17.79970763082906
0.15,-22.308340829836077
0.1501,-26.601581315044807
0.1502,-30.70366491487067
0.15030000000000002,-34.65318294211528
0.1504,-38.505506226606926
0.1505,-42.33340575595688
0.1506,-46.222614491953976
0.1507,-50.25697291935481
0.15080000000000002,-54.48331571139804
0.1509,-58.84586948396416
0.151,-63.107007341489926
0.1511,-66.84789728083075
0.1512,-69.66677070299036
0.15130000000000002,-71.4523263350313
0.1514,-72.40654803252419
0.1515,-72.83147395343066
0.1516,-72.96454628017156
0.1517,-72.9477026302454
0.15180000000000002,-72.85508594858254
0.1519,-72.72310530017307
0.152,-72.569270033996
0.1521,-72.40202482143198
0.1522,-72.22551693378028
0.15230000000000002,-72.04184541730234
0.1524,-71.85211888201711
0.1525,-71.65695786806418
0.1526,-71.45673752418628
0.1527,-71.25170742140371
0.15280000000000002,-71.04205215577151
0.1529,-70.82792272236958
0.153,-70.60945310203674
0.1531,-70.38676911625592
0.1532,-70.15999308985397
0.15330000000000002,-69.92924611776026
0.1534,-69.6946488897875
0.1535,-69.45632162720865
0.15360000000000001,-69.21438341035284
0.1537,-68.96895101925853
0.15380000000000002,-68.72013745475319
0.1539,-68.46805013660705
0.154,-68.21278884743194
0.15410000000000001,-67.95444342501715
0.1542,-67.69309120726976
0.15430000000000002,-67.42879422814642
0.1544,-67.161596150548
0.1545,-66.89151890927693
0.15460000000000002,-66.61855902632365
0.1547,-66.34268354600846
0.15480000000000002,-66.06382551888066
0.1549,-65.78187894020087
0.155,-65.49669301957103
0.15510000000000002,-65.20806561509805
0.1552,-64.91573562237939
0.1553,-64.6193740250182
0.1554,-64.31857327658165
0.1555,-64.01283448058638
0.15560000000000002,-63.70155178934804
0.1557,-63.383993180993095
0.1558,-63.059276453140036
0.1559,-62.72633896986167
0.156,-62.383899108630416
0.15610000000000002,-62.03040654220833
0.1562,-61.66397745817302
0.1563,-61.282309110223174
0.1564,-60.88256566428091
0.1565,-60.46122365952169
0.15660000000000002,-60.01385971906448
0.1567,-59.53485422903619
0.1568,-59.016970474888105
0.1569,-58.45074525121069
0.157,-57.82358753897124
0.15710000000000002,-57.11841363812616
0.1572,-56.31152589779717
0.1573,-55.36921957384365
0.1574,-54.24218174524882
0.1575,-52.85592753880797
0.15760000000000002,-51.09389281458204
0.1577,-48.7665841129538
0.1578,-45.55427372496876
0.1579,-40.90340903647545
0.158,-33.871627093753396
0.15810000000000002,-23.097440226347008
0.1582,-7.8979107346779305
0.1583,7.990939880185092
0.1584,17.01792353805161
0.1585,18.17180600247339
0.15860000000000002,15.304185947017483
0.1587,10.826725080844229
0.1588,5.7236019673940275
0.1589,0.4381463789042391
0.159,-4.80558901282529
0.15910000000000002,-9.893952294189969
0.1592,-14.774354059815414
0.1593,-19.428622809044846
0.15940000000000001,-23.85871288370759
0.1595,-28.08052082035548
0.15960000000000002,-32.12311492273567
0.1597,-36.030808485301314
0.1598,-39.865270585437294
0.15990000000000001,-43.70477959852668
0.16,-47.63688593484049
0.16010000000000002,-51.73772767989392
0.1602,-56.02678742742503
0.1603,-60.39152960616919
0.16040000000000001,-64.52111820033724
0.1605,-67.96966473755045
0.16060000000000002,-70.41451643447886
0.1607,-71.87100554060238
0.1608,-72.60381012936004
0.16090000000000002,-72.90300886416215
0.161,-72.97076640198253
0.16110000000000002,-72.92097018952946
0.1612,-72.81145455079141
0.1613,-72.67030942602595
0.16140000000000002,-72.51102842487484
0.1615,-72.340151812503
0.16160000000000002,-72.16092185950524
0.1617,-71.97500204176815
0.1618,-71.78328749684587
0.16190000000000002,-71.58629200020819
0.162,-71.38433631135149
0.1621,-71.17764190793369
0.1622,-70.9663788157523
0.1623,-70.75069058365344
0.16240000000000002,-70.53070755278551
0.1625,-70.30655392532722
0.1626,-70.07835141463786
0.1627,-69.84622092051367
0.1628,-69.61028301752492
0.16290000000000002,-69.3706576310196
0.163,-69.12746316993082
0.1631,-68.88081526213804
0.1632,-68.63082514237317
0.1633,-68.37759776261521
0.16340000000000002,-68.12122964804158
0.1635,-67.86180649442994
0.1636,-67.59940052941849
0.1637,-67.33406762003283
0.1638,-67.0658441027426
0.16390000000000002,-66.79474331409801
0.164,-66.52075177734096
0.1641,-66.24382498608925
0.1642,-65.96388271065481
0.1643,-65.68080371338458
0.16440000000000002,-65.39441973842003
0.1645,-65.1045086024676
0.1646,-64.81078615143804
0.1647,-64.51289675124939
0.1648,-64.21040196308728
0.16490000000000002,-63.90276680644175
0.165,-63.58934297101615
0.1651,-63.269348051115394
0.1652,-62.94183951248741
0.1653,-62.60568175436565
0.16540000000000002,-62.25950395842707
0.1655,-61.90164551722137
0.1656,-61.530084692978384
0.16570000000000001,-61.142343999919014
0.1658,-60.73536327066074
0.16590000000000002,-60.30532697102004
0.166,-59.84742556189385
0.1661,-59.35552054740961
0.16620000000000001,-58.821665506850735
0.1663,-58.235407402063885
0.16640000000000002,-57.58274487609158
0.1665,-56.84453658762671
0.1666,-55.994002791306244
0.16670000000000001,-54.99268517437768
0.1668,-53.78369849449108
0.16690000000000002,-52.2800643642667
0.167,-50.343839342112396
0.1671,-47.747691539315944
0.16720000000000002,-44.10364342641625
0.1673,-38.73881883398568
0.16740000000000002,-30.542603107967665
0.1675,-18.147795922974908
0.1676,-1.9222773464270346
0.16770000000000002,12.251919686878722
0.1678,18.134157412408793
0.16790000000000002,17.442599207064465
0.168,13.826890498960198
0.1681,9.05356760101687
0.16820000000000002,3.849676717570244
0.1683,-1.4394582541128498
0.16840000000000002,-6.637038882653692
0.1685,-11.655257575626969
0.1686,-16.45605533563329
0.16870000000000002,-21.02957163846417
0.1688,-25.383096083240932
0.1689,-29.537094610815643
0.169,-33.52575708764903
0.1691,-37.3994131456922
0.16920000000000002,-41.225970987819686
0.1693,-45.08834563521703
0.1694,-49.07340044597616
0.1695,-53.243942543228115
0.1696,-57.58228514267819
0.16970000000000002,-61.909487211288095
0.1698,-65.8483719964209
0.1699,-68.96123475559055
0.17,-71.03504731443284
0.1701,-72.19827554772807
0.17020000000000002,-72.74726959713836
0.1703,-72.94615940993225
0.1704,-72.96264965520196
0.1705,-72.88696124853296
0.1706,-72.76396008097373
0.17070000000000002,-72.61528822842568
0.1708,-72.45135594798315
0.1709,-72.27724261034558
0.171,-72.09549371682334
0.1711,-71.90743535639756
0.17120000000000002,-71.71379613186528
0.1713,-71.51500594911793
0.1714,-71.31134257329539
0.1715,-71.10300522474034
0.1716,-70.89015242330068
0.17170000000000002,-70.67292190180478
0.1718,-70.45144122264296
0.1719,-70.2258334016073
0.17200000000000001,-69.99621974904001
0.1721,-69.76272105373874
0.17220000000000002,-69.52545772010683
0.1723,-69.28454925618412
0.1724,-69.04011324821539
0.17250000000000001,-68.79226396036313
0.1726,-68.54111062098468
0.17270000000000002,-68.28675544648864
0.1728,-68.0292913951714
0.1729,-67.76879968863926
0.17300000000000001,-67.50534708081322
0.1731,-67.2389828679323
0.17320000000000002,-66.96973561832816
0.1733,-66.69760958687966
0.1734,-66.42258076623213
0.17350000000000002,-66.14459250944745
0.1736,-65.86355063608283
0.17370000000000002,-65.57931791439401
0.1738,-65.29170775255336
0.1739,-65.00047691088503
0.17400000000000002,-64.7053169862248
0.1741,-64.40584429318024
0.17420000000000002,-64.10158776846201
0.1743,-63.791974230733395
0.1744,-63.476310285736155
0.17450000000000002,-63.15375986361667
0.1746,-62.82331594842595
0.17470000000000002,-62.48376466367885
0.1748,-62.133639106138446
0.1749,-61.77115944628814
0.17500000000000002,-61.394154106672204
0.1751,-60.999954906856736
0.1752,-60.58525567943887
0.1753,-60.14591883713751
0.1754,-59.676706726394066
0.17550000000000002,-59.17090201651731
0.1756,-58.61976118472376
0.1757,-58.01171133102198
0.1758,-57.3311424267801
0.1759,-56.556544781433345
0.17600000000000002,-55.65755528822962
0.1761,-54.59012704515702
0.1762,-53.28836300831267
0.1763,-51.65022237914469
0.1764,-49.511657441772144
0.17650000000000002,-46.5986950404003
0.1766,-42.43940309723732
0.1767,-36.219997311236135
0.1768,-26.67135532109891
0.1769,-12.650603743249007
0.17700000000000002,3.812626171917864
0.1771,15.354938060782406
0.1772,18.414544651636838
0.1773,16.36519008697971
0.1774,12.211494098800378
0.17750000000000002,7.228905478288597
0.1776,1.9663154421547457
0.1777,-3.304782277378012
0.1778,-8.445435572210302
0.1779,-13.38888049974623
0.17800000000000002,-18.108919118369336
0.1781,-22.60263412410017
0.1782,-26.882169836337773
0.17830000000000001,-30.97265544012017
0.1784,-34.913734554571576
0.17850000000000002,-38.761962690897064
0.1786,-42.59119667995486
0.1787,-46.48766981710018
0.17880000000000001,-50.534135818265916
0.1789,-54.77295941390522
0.17900000000000002,-59.13848805836502
0.1791,-63.37919390548619
0.1792,-67.0688404438683
0.17930000000000001,-69.81776616821101
0.1794,-71.53886233036927
0.17950000000000002,-72.44835034114902
0.1796,-72.84742096153651
0.1797,-72.96695486275462
0.17980000000000002,-72.94327509369269
0.1799,-72.84716955462059
0.18000000000000002,-72.71331567864733
0.1801,-72.55838317627114
0.1802,-72.39041821646072
0.18030000000000002,-72.21337892902696
0.1804,-72.02927353279392
0.18050000000000002,-71.83916625246043
0.1806,-71.64365548544433
0.1807,-71.44310513849788
0.18080000000000002,-71.23775898523935
0.1809,-71.02779860653798
0.18100000000000002,-70.81337345117889
0.1811,-70.59461674307337
0.1812,-70.3716539685043
0.18130000000000002,-70.14460732231753
0.1814,-69.91359785157422
0.18150000000000002,-69.6787462200536
0.1816,-69.44017261212527
0.1817,-69.19799598716075
0.18180000000000002,-68.9523329286638
0.1819,-68.70329611719674
0.182,-68.45099253110493
0.1821,-68.19552136045701
0.1822,-67.93697168675084
0.18230000000000002,-67.67541990936624
0.1824,-67.41092692861523
0.1825,-67.14353505840134
0.1826,-66.87326464714677
0.1827,-66.60011036867719
0.18280000000000002,-66.3240371306247
0.1829,-66.0449755265429
0.183,-65.76281673263512
0.1831,-65.47740672654575
0.1832,-65.18853966049487
0.18330000000000002,-64.89595016179983
0.1834,-64.59930430396047
0.1835,-64.29818882197871
0.1836,-63.99209817212245
0.1837,-63.680418693955716
0.18380000000000002,-63.36240907603574
0.1839,-63.03717602467274
0.184,-62.70364352130537
0.1841,-62.360513585943714
0.1842,-62.00621572475691
0.18430000000000002,-61.63884095896434
0.1844,-61.256054707593016
0.1845,-60.85498034542522
0.18460000000000001,-60.432041408600824
0.1847,-59.98274460835416
0.18480000000000002,-59.501376637081755
0.1849,-58.98057297261142
0.185,-58.41069268948795
0.18510000000000001,-57.77889234818037
0.1852,-57.06772138926726
0.18530000000000002,-56.25293488558679
0.1854,-55.29998785666601
0.1855,-54.15823563343455
0.18560000000000001,-52.75100785035916
0.1857,-50.958020862504114
0.18580000000000002,-48.58322777716692
0.1859,-45.29508999568417
0.186,-40.51916746527516
0.18610000000000002,-33.28180335662474
0.1862,-22.208851753716917
0.18630000000000002,-6.771048700642716
0.1864,8.877407997323713
0.1865,17.302505019246595
0.18660000000000002,18.06649434585957
0.1867,15.038076505923714
0.18680000000000002,10.496928553624176
0.1869,5.371075908091964
0.187,0.08301444287430382
0.18710000000000002,-5.152972257282444
0.1872,-10.228527488732082
0.18730000000000002,-15.094036646484133
0.1874,-19.733019149374357
0.1875,-24.148485299564328
0.18760000000000002,-28.357193833910088
0.1877,-32.38915699683653
0.18780000000000002,-36.28980330834687
0.1879,-40.12199053942152
0.188,-43.96495062801027
0.18810000000000002,-47.90632058641622
0.1882,-52.02019640744258
0.1883,-56.319834739398445
0.1884,-60.680827857581775
0.1885,-64.77899472468017
0.18860000000000002,-68.16707604768331
0.1887,-70.54114139103994
0.1888,-71.93935270091393
0.1889,-72.63467004486417
0.189,-72.91312481221075
0.18910000000000002,-72.97022507403365
0.1892,-72.91505328051103
0.1893,-72.80275673675634
0.1894,-72.66007780309418
0.1895,-72.49986376043925
0.18960000000000002,-72.32834863872822
0.1897,-72.14862888327183
0.1898,-71.96229752842497
0.1899,-71.77021504152167
0.19,-71.57287778157979
0.19010000000000002,-71.3705975944642
0.1902,-71.16359135563303
0.1903,-70.95202670804773
0.1904,-70.73604598925233
0.1905,-70.51577895393706
0.19060000000000002,-70.29134954659501
0.1907,-70.06287938477736
0.1908,-69.83048935122414
0.19090000000000001,-69.59429999716913
0.191,-69.35443116978678
0.19110000000000002,-69.11100114323463
0.1912,-68.86412529799442
0.1913,-68.61391451254794
0.19140000000000001,-68.36047324362156
0.1915,-68.10389736463206
0.19160000000000002,-67.84427175321352
0.1917,-67.581667633648
0.1918,-67.3161396628069
0.19190000000000002,-67.0477227437749
0.192,-66.77642853542486
0.19210000000000002,-66.50224161425903
0.1922,-66.22511522863152
0.1923,-65.94496656582653
0.19240000000000002,-65.6616714262557
0.1925,-65.37505815885362
0.19260000000000002,-65.08490068857971
0.1927,-64.7909103688356
0.1928,-64.49272639280525
0.19290000000000002,-64.1899042810388
0.193,-63.88190201516485
0.19310000000000002,-63.568062995182736
0.1932,-63.24759492941441
0.1933,-62.91954342769078
0.19340000000000002,-62.58275851427465
0.1935,-62.235851761532885
0.19360000000000002,-61.87714079908183
0.1937,-61.50457653584984
0.1938,-61.115646752492204
0.19390000000000002,-60.707246574425554
0.194,-60.275502026508555
0.19410000000000002,-59.815526137868474
0.1942,-59.321075957439255
0.1943,-58.78406158404984
0.19440000000000002,-58.19382907455952
0.1945,-57.53608943713864
0.19460000000000002,-56.791279500132894
0.1947,-55.93198396598537
0.1948,-54.91875799438371
0.19490000000000002,-53.69313377645137
0.195,-52.16550216921753
0.1951,-50.19338440282417
0.1952,-47.541374765360025
0.1953,-43.806933620620384
0.19540000000000002,-38.292219633798894
0.1955,-29.854993693083088
0.1956,-17.148467461512684
0.1957,-0.8077598094399576
0.1958,12.929072510367998
0.19590000000000002,18.24451819129076
0.196,17.262359723309572
0.1961,13.531092395388164
0.1962,8.712349348669521
0.1963,3.494452550085233
0.19640000000000002,-1.7927853219112995
0.1965,-6.980355185749668
0.1966,-11.984760764528527
0.1967,-16.77036962346227
0.1968,-21.328725716761138
0.19690000000000002,-25.66806463023308
0.197,-29.809721029037487
0.1971,-33.78888863164645
0.19720000000000001,-37.65705980330681
0.1973,-41.483295562354215
0.19740000000000002,-45.35125389913905
0.1975,-49.34731768380079
0.1976,-53.53102589156485
0.19770000000000001,-57.87647625797853
0.1978,-62.19134979485092
0.19790000000000002,-66.08754585782687
0.198,-69.13334181592612
0.1981,-71.13874079250488
0.19820000000000002,-72.25098395226753
0.1983,-72.7692055326905
0.19840000000000002,-72.95163573996786
0.1985,-72.95977145277699
0.1986,-72.87985061107611
0.19870000000000002,-72.75461907738689
0.1988,-72.60467783529478
0.19890000000000002,-72.43994131492198
0.199,-72.26525388319766
0.1991,-72.0830486465143
0.19920000000000002,-71.8945970598625
0.1993,-71.70060062902827
0.19940000000000002,-71.50147556952379
0.1995,-71.29749260281815
0.1996,-71.08884728482082
0.19970000000000002,-70.87569625235199
0.1998,-70.65817629675148
0.19990000000000002,-70.43641454070898
0.2,-70.21053383185938
0.2001,-72.55428799097501
0.20020000000000002,-74.00258285607633
0.2003,-74.91246686789663
0.20040000000000002,-75.49229983439409
0.2005,-75.86616048331766
0.2006,-76.10938374041234
0.20070000000000002,-76.26847087648459
0.2008,-76.37255032307918
0.20090000000000002,-76.44012292842864
0.201,-76.48309880265094
0.2011,-76.50924691924781
0.20120000000000002,-76.52370061003211
0.2013,-76.52989438341056
0.20140000000000002,-76.53015408148536
0.2015,-76.5260732264825
0.2016,-76.51875591103088
0.20170000000000002,-76.50897540882015
0.2018,-76.49727894685512
0.2019,-76.48405767953756
0.202,-76.46959392550207
0.2021,-76.45409338297041
0.20220000000000002,-76.4377073237607
0.2023,-76.42054803701035
0.2024,-76.4026996603058
0.2025,-76.38422584431784
0.2026,-76.3651752435662
0.20270000000000002,-76.34558545726092
0.2028,-76.32548588407414
0.2029,-76.30489982773896
0.203,-76.28384602767568
0.2031,-76.26233980229713
0.20320000000000002,-76.24039390798501
0.2033,-76.21801916486982
0.2034,-76.19522495305606
0.20350000000000001,-76.17201956717453
0.2036,-76.14841049913976
0.20370000000000002,-76.12440465346556
0.2038,-76.10000850185814
0.2039,-76.0752282207038
0.20400000000000001,-76.05006977083464
0.2041,-76.02453898929588
0.20420000000000002,-75.99864162915634
0.2043,-75.9723834175268
0.2044,-75.94577007416156
0.20450000000000002,-75.91880734890805
0.2046,-75.89150102676051
0.20470000000000002,-75.86385695333483
0.2048,-75.83588103029301
0.2049,-75.8075792348199
0.20500000000000002,-75.77895760708877
0.2051,-75.75002226777175
0.20520000000000002,-75.72077939945585
0.2053,-75.69123526129276
0.2054,-75.66139617364989
0.20550000000000002,-75.63126852084734
0.2056,-75.60085874489164
0.20570000000000002,-75.57017333787624
0.2058,-75.53921884391407
0.2059,-75.5080018422474
0.20600000000000002,-75.47652895525717
0.2061,-75.44480683121394
0.20620000000000002,-75.4128421437113
0.2063,-75.38064158743055
0.2064,-75.3482118661934
0.20650000000000002,-75.31555969769616
0.2066,-75.28269179754635
0.20670000000000002,-75.24961487837095
0.2068,-75.21633564836027
0.2069,-75.18286079691053
0.20700000000000002,-75.14919700101517
0.2071,-75.11535091426563
0.20720000000000002,-75.08132916097374
0.2073,-75.0471383399601
0.2074,-75.01278501106862
0.20750000000000002,-74.97827569589575
0.2076,-74.94361687961911
0.20770000000000002,-74.90881499571347
0.2078,-74.87387643189352
0.2079,-74.83880752959332
0.20800000000000002,-74.80361456987589
0.2081,-74.7683037819803
0.2082,-74.73288134075945
0.2083,-74.69735335472
0.2084,-74.66172587447772
0.20850000000000002,-74.62600489096177
0.2086,-74.59019632410453
0.2087,-74.55430603167277
0.2088,-74.51833980884525
0.2089,-74.48230337624523
0.20900000000000002,-74.44620238963054
0.2091,-74.41004244141816
0.2092,-74.37382904625545
0.2093,-74.33756765371841
0.2094,-74.3012636490098
0.20950000000000002,-74.26492234120988
0.2096,-74.22854897316539
0.2097,-74.19214872366203
0.20980000000000001,-74.15572669810497
0.2099,-74.11928793526774
0.21000000000000002,-74.0828374112904
0.2101,-74.04638003303776
0.2102,-74.00992064096981
0.21030000000000001,-73.97346401526272
0.2104,-73.93701487199841
0.21050000000000002,-73.90057786162343
0.2106,-73.86415757743079
0.2107,-73.82775855460929
0.21080000000000002,-73.79138526397921
0.2109,-73.75504212299543
0.21100000000000002,-73.71873349754665
0.2111,-73.68246369089637
0.2112,-73.64623695728112
0.21130000000000002,-73.61005750619692
0.2114,-73.57392948610084
0.21150000000000002,-73.53785700234195
0.2116,-73.50184412015231
0.2117,-73.46589485018356
0.21180000000000002,-73.43001316358149
0.2119,-73.39420299651492
0.21200000000000002,-73.35846823634898
0.2121,-73.32281273490409
0.2122,-73.2872403145983
0.21230000000000002,-73.25175475432097
0.2124,-73.21635980209234
0.21250000000000002,-73.18105918236701
0.2126,-73.14585658050832
0.2127,-73.11075565645721
0.21280000000000002,-73.07576005261842
0.2129,-73.04087337561946
0.21300000000000002,-73.00609921299336
0.2131,-72.9714411406713
0.2132,-72.93690269971925
0.21330000000000002,-72.90248742184107
0.2134,-72.86819882806387
0.21350000000000002,-72.83404041301215
0.2136,-72.80001566800934
0.2137,-72.7661280731652
0.21380000000000002,-72.7323810908686
0.2139,-72.69877818654444
0.21400000000000002,-72.66532281180943
0.2141,-72.6320184107622
0.2142,-72.59886843698627
0.21430000000000002,-72.56587632157543
0.2144,-72.53304550622644
0.21450000000000002,-72.50037943470019
0.2146,-72.46788154216901
0.2147,-72.43555528170359
0.21480000000000002,-72.40340409823123
0.2149,-72.37143144262822
0.215,-72.33964077813853
0.2151,-72.30803556233487
0.2152,-72.27661927924828
0.21530000000000002,-72.24539540679481
0.2154,-72.21436743753398
0.2155,-72.18353887781088
0.2156,-72.1529132351039
0.2157,-72.12249405039714
0.21580000000000002,-72.09228484731966
0.2159,-72.06228918745481
0.216,-72.03251063461232
0.21610000000000001,-72.00295276882903
0.2162,-71.97361918775763
0.21630000000000002,-71.94451349489397
0.2164,-71.91563932476669
0.2165,-71.88700030531328
0.21660000000000001,-71.8586001080056
0.2167,-71.83044238520178
0.21680000000000002,-71.80253083852497
0.2169,-71.77486915211017
0.217,-71.74746105399399
0.21710000000000002,-71.72031026049333
0.2172,-71.69342052517494
0.21730000000000002,-71.66679559216318
0.2174,-71.64043923973132
0.2175,-71.6143552349491
0.21760000000000002,-71.5885473795222
0.2177,-71.56301945777865
0.21780000000000002,-71.53777529291332
0.2179,-71.51281867983909
0.218,-71.48815345941425
0.21810000000000002,-71.46378343099092
0.2182,-71.43971243909749
0.21830000000000002,-71.41594429341467
0.2184,-71.3924828323382
0.2185,-71.3693318696246
0.21860000000000002,-71.34649521869923
0.2187,-71.3239766964342
0.21880000000000002,-71.30178008318182
0.2189,-71.27990918481608
0.219,-71.25836774752814
0.21910000000000002,-71.2371595327645
0.2192,-71.2162882676046
0.21930000000000002,-71.19575763900477
0.2194,-71.17557134290112
0.2195,-71.15573299945687
0.21960000000000002,-71.13624621824843
0.2197,-71.11711457964203
0.21980000000000002,-71.09834158010663
0.2199,-71.07993070872374
0.22,-71.06188539137109
0.22010000000000002,-71.04420897115912
0.2202,-71.02690476920048
0.22030000000000002,-71.00997602659679
0.2204,-70.99342588704735
0.2205,-70.97725745457225
0.22060000000000002,-70.96147375359097
0.2207,-70.946077679331
0.22080000000000002,-70.93107206618069
0.2209,-70.91645967166541
0.221,-70.90224311305238
0.22110000000000002,-70.88842489633667
0.2212,-70.87500744226816
0.22130000000000002,-70.86199305951455
0.2214,-70.84938388944504
0.2215,-70.83718194927005
0.22160000000000002,-70.82538914122749
0.2217,-70.8140072348056
0.2218,-70.80303782145516
0.22190000000000001,-70.79248231983506
0.222,-70.78234200931475
0.22210000000000002,-70.77261801377779
0.2222,-70.76331128859437
0.2223,-70.75442259222386
0.22240000000000001,-70.74595247337481
0.2225,-70.73790130618504
0.22260000000000002,-70.73026927965081
0.2227,-70.72305638609855
0.2228,-70.71626241232198
0.22290000000000001,-70.70988693244803
0.223,-70.70392928565447
0.22310000000000002,-70.69838857664804
0.2232,-70.69326369632664
0.2233,-70.68855331298698
0.22340000000000002,-70.68425586470626
0.2235,-70.6803695536245
0.22360000000000002,-70.67689234153673
0.2237,-70.67382194643531
0.2238,-70.67115583978823
0.22390000000000002,-70.66889124442608
0.224,-70.6670251329658
0.22410000000000002,-70.66555422673154
0.2242,-70.66447499515365
0.2243,-70.66378365563844
0.22440000000000002,-70.66347617390814
0.2245,-70.6635482648145
0.22460000000000002,-70.6639953936298
0.2247,-70.66481277782214
0.2248,-70.66599538931729
0.22490000000000002,-70.66753795725339
0.225,-70.66943497122854
0.22510000000000002,-70.67168068504363
0.2252,-70.67426912093904
0.2253,-70.67719407432233
0.22540000000000002,-70.68044911898225
0.2255,-70.68402761278328
0.22560000000000002,-70.68792270383123
0.2257,-70.69212733710012
0.2258,-70.69663426150791
0.22590000000000002,-70.7014360374264
0.226,-70.70652504460983
0.22610000000000002,-70.7118934905237
0.2262,-70.71753341503883
0.2263,-70.72343668144815
0.22640000000000002,-70.72959501368916
0.2265,-70.73600000939936
0.22660000000000002,-70.74264314658346
0.2267,-70.7495157918126
0.2268,-70.75660920943888
0.22690000000000002,-70.76391457149722
0.227,-70.77142296474129
0.22710000000000002,-70.77912537792812
0.2272,-70.7870127410104
0.2273,-70.79507594820656
0.22740000000000002,-70.80330586408803
0.2275,-70.81169333165383
0.22760000000000002,-70.82022918160563
0.2277,-70.82890422965582
0.2278,-70.83770927265643
0.22790000000000002,-70.84663514060891
0.228,-70.85567270571488
0.2281,-70.86481288797683
0.22820000000000001,-70.87404666256703
0.2283,-70.88336505306158
0.22840000000000002,-70.89275912896464
0.2285,-70.90222005739471
0.2286,-70.91173910972415
0.22870000000000001,-70.92130766525362
0.2288,-70.93091721593983
0.22890000000000002,-70.94055934434479
0.229,-70.95022575089652
0.2291,-70.95990828904422
0.22920000000000001,-70.96959896477878
0.2293,-70.97928993879945
0.22940000000000002,-70.98897352123862
0.2295,-70.99864215048302
0.2296,-71.0082884477975
0.22970000000000002,-71.01790522181281
0.2298,-71.02748546714669
0.22990000000000002,-71.03702236504625
0.23,-71.04650925783018
0.2301,-71.05593966736484
0.23020000000000002,-71.06530732783186
0.2303,-71.0746061806155
0.23040000000000002,-71.08383037179198
0.2305,-71.09297424693666
0.2306,-71.10203232476894
0.23070000000000002,-71.11099933234784
0.2308,-71.1198702167813
0.23090000000000002,-71.12864013907685
0.231,-71.13730447024597
0.2311,-71.14585878474513
0.23120000000000002,-71.15429883431976
0.2313,-71.16262057901116
0.23140000000000002,-71.1708201960138
0.2315,-71.17889407212249
0.2316,-71.18683879833031
0.23170000000000002,-71.19465116565829
0.2318,-71.20232814639927
0.23190000000000002,-71.20986689031511
0.232,-71.2172647518092
0.2321,-71.2245192832274
0.23220000000000002,-71.23162822759369
0.2323,-71.23858951288331
0.23240000000000002,-71.2454012471889
0.2325,-71.25206170983608
0.2326,-71.25856932890024
0.23270000000000002,-71.26492270943255
0.2328,-71.27112063116431
0.23290000000000002,-71.27716204033891
0.233,-71.28304604317823
0.2331,-71.28877190033256
0.23320000000000002,-71.29433902191873
0.2333,-71.29974696290847
0.23340000000000002,-71.30499541192606
0.2335,-71.31008417900503
0.2336,-71.31501321528665
0.23370000000000002,-71.31978260757174
0.2338,-71.32439257103945
0.23390000000000002,-71.3288434432151
0.234,-71.33313567871244
0.2341,-71.33726984446287
0.23420000000000002,-71.341246615257
0.2343,-71.34506676949387
0.23440000000000003,-71.3487311850746
0.23450000000000001,-71.35224083540437
0.2346,-71.35559678318728
0.23470000000000002,-71.358800167541
0.2348,-71.36185221654843
0.2349,-71.36475424411357
0.23500000000000001,-71.36750764408903
0.2351,-71.37011388533752
0.23520000000000002,-71.37257450739351
0.2353,-71.37489111651985
0.2354,-71.37706538203406
0.23550000000000001,-71.37909903282832
0.2356,-71.38099385403656
0.23570000000000002,-71.38275168382106
0.2358,-71.38437441026066
0.2359,-71.38586396833068
0.23600000000000002,-71.38722233696762
0.2361,-71.3884515362159
0.23620000000000002,-71.38955362445215
0.2363,-71.3905306956874
0.2364,-71.39138487694441
0.23650000000000002,-71.3921183257098
0.2366,-71.39273322745959
0.23670000000000002,-71.39323179325824
0.2368,-71.39361625742846
0.2369,-71.39388887529275
0.23700000000000002,-71.39405192098461
0.2371,-71.39410768532817
0.23720000000000002,-71.39405847378583
0.2373,-71.39390660447215
0.2374,-71.39365440623315
0.23750000000000002,-71.39330421678943
0.2376,-71.39285838094189
0.23770000000000002,-71.39231924883916
0.2378,-71.39168917430428
0.2379,-71.3909705132209
0.23800000000000002,-71.39016562197581
0.2381,-71.38927685595786
0.23820000000000002,-71.38830656811108
0.2383,-71.38725710754065
0.2384,-71.38613081817074
0.23850000000000002,-71.38493003745236
0.2386,-71.38365709512016
0.23870000000000002,-71.3823143119966
0.2388,-71.380903998842
0.2389,-71.37942845524972
0.23900000000000002,-71.37788996858448
0.2391,-71.37629081296282
0.23920000000000002,-71.37463324827436
0.2393,-71.37291951924293
0.2394,-71.3711518545256
0.23950000000000002,-71.36933246584923
0.2396,-71.36746354718285
0.23970000000000002,-71.36554727394467
0.2398,-71.36358580224345
0.2399,-71.36158126815157
0.24000000000000002,-71.35953578701063
0.2401,-71.35745145276687
0.24020000000000002,-71.35533033733671
0.2403,-71.35317449000053
0.2404,-71.35098593640188
0.24050000000000002,-71.3487666718839
0.2406,-71.3465186664635
0.24070000000000003,-71.34424386928873
0.24080000000000001,-71.34194420665499
0.2409,-71.33962158062629
0.24100000000000002,-71.3372778680362
0.2411,-71.33491491972957
0.2412,-71.33253455995985
0.24130000000000001,-71.33013858588971
0.2414,-71.32772876716176
0.24150000000000002,-71.32530684552027
0.2416,-71.322874534471
0.2417,-71.32043351897072
0.24180000000000001,-71.31798545514198
0.2419,-71.31553197001003
0.24200000000000002,-71.31307466125897
0.2421,-71.31061509700662
0.2422,-71.30815481559607
0.24230000000000002,-71.30569532540405
0.2424,-71.30323810466454
0.24250000000000002,-71.30078460130831
0.2426,-71.29833623281662
0.2427,-71.29589438140796
0.24280000000000002,-71.29346039328199
0.2429,-71.2910355881799
0.24300000000000002,-71.28862125825941
0.2431,-71.2862186667289
0.2432,-71.28382904699137
0.24330000000000002,-71.28145360210681
0.2434,-71.27909350445394
0.24350000000000002,-71.27674989551971
0.2436,-71.27442388577133
0.2437,-71.27211655458393
0.24380000000000002,-71.26982895020687
0.2439,-71.26756208975779
0.24400000000000002,-71.26531695923885
0.2441,-71.26309451357046
0.2442,-71.26089567664035
0.24430000000000002,-71.25872134136618
0.2444,-71.25657236977098
0.24450000000000002,-71.2544495930705
0.2446,-71.25235381177214
0.2447,-71.25028579578519
0.24480000000000002,-71.24824628454202
0.2449,-71.24623598713045
0.24500000000000002,-71.24425558176236
0.2451,-71.24230571031632
0.2452,-71.24038698502378
0.24530000000000002,-71.23849999203821
0.2454,-71.2366452901962
0.24550000000000002,-71.23482341033841
0.2456,-71.23303485497715
0.2457,-71.23128009818106
0.24580000000000002,-71.2295595855969
0.2459,-71.22787373455944
0.24600000000000002,-71.22622293425864
0.2461,-71.22460754594645
0.2462,-71.22302790317084
0.24630000000000002,-71.22148431203085
0.2464,-71.21997705144761
0.24650000000000002,-71.21850637344868
0.2466,-71.21707250346444
0.2467,-71.21567564063486
0.24680000000000002,-71.21431595812608
0.2469,-71.21299360345645
0.24700000000000003,-71.21170869883139
0.24710000000000001,-71.21046134148695
0.2472,-71.20925160404168
0.24730000000000002,-71.20807953485686
0.2474,-71.20694515840454
0.24750000000000003,-71.20584847564318
0.24760000000000001,-71.20478946440117
0.2477,-71.2037680797673
0.24780000000000002,-71.20278425448878
0.2479,-71.20183789937579
0.248,-71.20092890371282
0.24810000000000001,-71.20005713567667
0.2482,-71.19922244276044
0.24830000000000002,-71.19842465220336
0.2484,-71.19766357142684
0.2485,-71.19693898847554
0.24860000000000002,-71.19625067246385
0.2487,-71.19559837402731
0.24880000000000002,-71.19498182577851
0.2489,-71.19440074276793
0.249,-71.1938548229481
0.24910000000000002,-71.1933437476423
0.2492,-71.19286718201634
0.24930000000000002,-71.19242477555396
0.2494,-71.19201616233914
0.2495,-71.19164096039762
0.24960000000000002,-71.19129877386257
0.2497,-71.1909891939132
0.24980000000000002,-71.19071179893314
0.2499,-71.19046615479732
0.25,-71.19025181523777
0.2501,-71.19006832225797
0.25020000000000003,-71.18991520657744
0.2503,-71.18979198809386
0.2504,-71.18969817635684
0.2505,-71.1896332710476
0.2506,-71.18959676246206
0.25070000000000003,-71.18958813199538
0.2508,-71.18960685262691
0.2509,-71.18965238940383
0.251,-71.18972419992394
0.2511,-71.18982173481567
0.25120000000000003,-71.18994443821647
0.2513,-71.19009174824761
0.2514,-71.19026309748641
0.2515,-71.19045791343423
0.2516,-71.19067561898129
0.25170000000000003,-71.19091563286686
0.2518,-71.19117737013528
0.2519,-71.19146024258713
0.252,-71.19176365922556
0.2521,-71.19208702669708
0.25220000000000004,-71.19242974972722
0.2523,-71.19279123091704
0.2524,-71.19317087089672
0.2525,-71.19356807019622
0.2526,-71.19398222956355
0.25270000000000004,-71.19441275020147
0.2528,-71.19485903406175
0.2529,-71.19532048417184
0.253,-71.1957965049782
0.2531,-71.19628650269705
0.25320000000000004,-71.19678988566694
0.2533,-71.19730606469865
0.2534,-71.19783445342077
0.2535,-71.19837446861959
0.2536,-71.19892553057147
0.25370000000000004,-71.19948706336807
0.2538,-71.20005849523342
0.2539,-71.20063925883282
0.254,-71.20122879157297
0.2541,-71.20182653589386
0.25420000000000004,-71.20243193955125
0.2543,-71.2030444558909
0.2544,-71.20366354411348
0.2545,-71.20428866953041
0.2546,-71.20491930381084
0.25470000000000004,-71.2055549252194
0.2548,-71.20619501884468
0.2549,-71.20683907681868
0.255,-71.20748659852732
0.2551,-71.20813709081128
0.25520000000000004,-71.20879006815795
0.2553,-71.20944505288435
0.2554,-71.21010157531074
0.2555,-71.21075917392528
0.2556,-71.21141739553957
0.25570000000000004,-71.21207579543523
0.2558,-71.21273393750153
0.2559,-71.21339139436425
0.256,-71.21404774750559
0.2561,-71.21470258737556
0.25620000000000004,-71.21535551349437
0.25630000000000003,-71.21600613454699
0.2564,-71.21665406846842
0.2565,-71.21729894252113
0.2566,-71.21794039336429
0.25670000000000004,-71.21857806711454
0.25680000000000003,-71.21921161939915
0.2569,-71.21984071540088
0.257,-71.22046502989573
0.2571,-71.22108424728226
0.25720000000000004,-71.22169806160406
0.25730000000000003,-71.22230617656474
0.2574,-71.22290830553551
0.2575,-71.22350417155582
0.2576,-71.22409350732725
0.2577,-71.2246760552005
0.25780000000000003,-71.22525156715572
0.2579,-71.22581980477669
0.258,-71.2263805392184
0.2581,-71.22693355116863
0.2582,-71.22747863080367
0.25830000000000003,-71.22801557773816
0.2584,-71.22854420096932
0.2585,-71.22906431881573
0.2586,-71.22957575885083
0.2587,-71.23007835783126
0.25880000000000003,-71.23057196162038
0.2589,-71.23105642510671
0.259,-71.23153161211815
0.2591,-71.2319973953314
0.2592,-71.23245365617726
0.25930000000000003,-71.2329002847418
0.2594,-71.23333717966379
0.2595,-71.23376424802782
0.2596,-71.23418140525433
0.2597,-71.23458857498579
0.25980000000000003,-71.23498568897013
0.2599,-71.2353726869403
0.26,-71.23574951649148
0.2601,-71.23611613295525
0.2602,-71.23647249927093
0.26030000000000003,-71.23681858585479
0.2604,-71.23715437046663
0.2605,-71.23747983807417
0.2606,-71.23779498071569
0.2607,-71.23809979736035
0.26080000000000003,-71.23839429376692
0.2609,-71.23867848234109
0.261,-71.23895238199098
0.2611,-71.2392160179816
0.2612,-71.23946942178786
0.26130000000000003,-71.2397126309465
0.2614,-71.23994568890743
0.2615,-71.2401686448839
0.2616,-71.24038155370197
0.2617,-71.24058447564974
0.26180000000000003,-71.2407774763257
0.2619,-71.24096062648697
0.262,-71.24113400189746
0.2621,-71.24129768317557
0.2622,-71.24145175564215
0.26230000000000003,-71.24159630916837
0.2624,-71.24173143802398
0.2625,-71.24185724072574
0.2626,-71.2419738198864
0.2627,-71.24208128206381
0.26280000000000003,-71.24217973761104
0.2629,-71.24226930052698
0.263,-71.24235008830762
0.2631,-71.24242222179831
0.2632,-71.24248582504677
0.26330000000000003,-71.24254102515745
0.2634,-71.24258795214641
0.2635,-71.24262673879794
0.2636,-71.24265752052183
0.2637,-71.24268043521236
0.26380000000000003,-71.24269562310828
0.2639,-71.2427032266548
0.264,-71.24270339036606
0.2641,-71.24269626069018
0.2642,-71.242681985875
0.26430000000000003,-71.24266071583607
0.2644,-71.24263260202612
0.2645,-71.2425977973061
0.2646,-71.24255645581815
0.2647,-71.24250873286041
0.26480000000000004,-71.24245478476365
0.2649,-71.24239476876967
0.265,-71.24232884291173
0.2651,-71.24225716589704
0.2652,-71.24217989699116
0.26530000000000004,-71.24209719590424
0.2654,-71.24200922267975
0.2655,-71.24191613758494
0.2656,-71.24181810100333
0.2657,-71.24171527332982
0.26580000000000004,-71.24160781486732
0.2659,-71.24149588572598
0.266,-71.24137964572452
0.2661,-71.24125925429367
0.2662,-71.24113487038183
0.26630000000000004,-71.24100665236313
0.2664,-71.2408747579475
0.2665,-71.24073934409292
0.2666,-71.24060056692036
0.2667,-71.24045858163053
0.26680000000000004,-71.24031354242308
0.2669,-71.24016560241803
0.267,-71.24001491357946
0.2671,-71.23986162664147
0.2672,-71.23970589103654
0.26730000000000004,-71.23954785482589
0.2674,-71.23938766463218
0.2675,-71.23922546557468
0.2676,-71.2390614012064
0.2677,-71.23889561345354
0.26780000000000004,-71.23872824255741
0.2679,-71.23855942701815
0.268,-71.23838930354107
0.2681,-71.23821800698474
0.2682,-71.2380456703118
0.26830000000000004,-71.23787242454152
0.2684,-71.23769839870464
0.2685,-71.23752371980044
0.2686,-71.23734851275584
0.2687,-71.23717290038661
0.26880000000000004,-71.2369970033607
0.26890000000000003,-71.23682094016368
0.269,-71.23664482706616
0.2691,-71.23646877809314
0.2692,-71.23629290499566
0.26930000000000004,-71.23611731722423
0.26940000000000003,-71.23594212190406
0.2695,-71.23576742381272
0.2696,-71.23559332535918
0.2697,-71.23541992656504
0.26980000000000004,-71.23524732504757
0.26990000000000003,-71.23507561600475
0.27,-71.23490489220153
0.2701,-71.23473524395871
0.2702,-71.234566759143
0.27030000000000004,-71.23439952315888
0.27040000000000003,-71.23423361894248
0.2705,-71.23406912695678
0.2706,-71.23390612518843
0.2707,-71.2337446891465
0.27080000000000004,-71.2335848918627
0.27090000000000003,-71.233426803893
0.271,-71.23327049332084
0.2711,-71.2331160257619
0.2712,-71.23296346437039
0.2713,-71.23281286984646
0.27140000000000003,-71.23266430044539
0.2715,-71.23251781198792
0.2716,-71.23237345787192
0.2717,-71.23223128908535
0.2718,-71.23209135422073
0.27190000000000003,-71.23195369949056
0.272,-71.23181836874393
0.2721,-71.23168540348452
0.2722,-71.23155484288962
0.2723,-71.23142672383015
0.27240000000000003,-71.23130108089195
0.2725,-71.23117794639802
0.2726,-71.23105735043161
0.2727,-71.23093932086061
0.2728,-71.23082388336255
0.27290000000000003,-71.23071106145076
0.273,-71.23060087650104
0.2731,-71.23049334777976
0.2732,-71.2303884924721
0.2733,-71.23028632571155
0.27340000000000003,-71.23018686060995
0.2735,-71.23009010828815
0.2736,-71.22999607790764
0.2737,-71.22990477670244
0.2738,-71.22981621001195
0.27390000000000003,-71.22973038131423
0.274,-71.22964729225961
0.2741,-71.22956694270529
0.2742,-71.22948933075001
0.2743,-71.22941445276939
0.27440000000000003,-71.22934230345157
0.2745,-71.2292728758333
0.2746,-71.22920616133652
0.2747,-71.22914214980486
0.2748,-71.22908082954096
0.27490000000000003,-71.22902218734389
0.275,-71.22896620854647
0.2751,-71.2289128770534
0.2752,-71.22886217537908
0.2753,-71.22881408468574
0.27540000000000003,-71.2287685848219
0.2755,-71.22872565436076
0.2756,-71.22868527063855
0.2757,-71.22864740979331
0.2758,-71.22861204680319
0.27590000000000003,-71.22857915552524
0.276,-71.22854870873391
0.2761,-71.22852067815957
0.2762,-71.22849503452694
0.2763,-71.22847174759339
0.27640000000000003,-71.22845078618737
0.2765,-71.22843211824633
0.2766,-71.22841571085475
0.2767,-71.22840153028179
0.2768,-71.22838954201907
0.27690000000000003,-71.22837971081778
0.277,-71.22837200072601
0.2771,-71.22836637512542
0.2772,-71.22836279676781
0.2773,-71.22836122781153
0.27740000000000004,-71.22836162985719
0.2775,-71.22836396398358
0.2776,-71.2283681907827
0.2777,-71.22837427039474
0.2778,-71.2283821625426
0.27790000000000004,-71.22839182656607
0.278,-71.22840322145535
0.2781,-71.22841630588464
0.2782,-71.22843103824484
0.2783,-71.22844737667586
0.27840000000000004,-71.22846527909866
0.2785,-71.22848470324675
0.2786,-71.22850560669703
0.2787,-71.22852794690037
0.2788,-71.22855168121175
0.27890000000000004,-71.22857676691923
0.279,-71.22860316127333
0.2791,-71.22863082151528
0.2792,-71.22865970490474
0.2793,-71.2286897687473
0.27940000000000004,-71.22872097042105
0.2795,-71.22875326740282
0.2796,-71.22878661729389
0.2797,-71.22882097784463
0.2798,-71.22885630697937
0.27990000000000004,-71.22889256282008
0.28,-71.22892970370955
0.2801,-71.22896768823419
0.2802,-71.229006475246
0.2803,-71.22904602388397
0.28040000000000004,-71.22908629359515
0.2805,-71.22912724415464
0.2806,-71.22916883568558
0.2807,-71.22921102867785
0.2808,-71.22925378400652
0.28090000000000004,-71.2292970629499
0.281,-71.2293408272065
0.2811,-71.22938503891186
0.2812,-71.22942966065429
0.2813,-71.22947465549045
0.28140000000000004,-71.22951998695994
0.28150000000000003,-71.22956561909974
0.2816,-71.22961151645748
0.2817,-71.22965764410466
0.2818,-71.22970396764892
0.28190000000000004,-71.22975045324576
0.28200000000000003,-71.2297970676099
0.2821,-71.22984377802582
0.2822,-71.22989055235779
0.2823,-71.22993735905933
0.28240000000000004,-71.22998416718212
0.28250000000000003,-71.23003094638442
0.2826,-71.23007766693858
0.2827,-71.23012429973876
0.2828,-71.23017081630707
0.28290000000000004,-71.2302171887999
0.28300000000000003,-71.23026339001376
0.2831,-71.23030939338994
0.2832,-71.23035517301949
0.2833,-71.23040070364695
0.28340000000000004,-71.23044596067402
0.28350000000000003,-71.2304909201626
0.2836,-71.23053555883732
0.2837,-71.23057985408762
0.2838,-71.2306237839694
0.28390000000000004,-71.23066732720615
0.28400000000000003,-71.23071046318947
0.2841,-71.23075317197947
0.2842,-71.23079543430455
0.2843,-71.23083723156071
0.2844,-71.23087854581048
0.28450000000000003,-71.23091935978151
0.2846,-71.2309596568646
0.2847,-71.23099942111139
0.2848,-71.23103863723199
0.2849,-71.23107729059164
0.28500000000000003,-71.23111536720741
0.2851,-71.23115285374453
0.2852,-71.23118973751214
0.2853,-71.23122600645878
0.2854,-71.23126164916815
0.28550000000000003,-71.23129665485328
0.2856,-71.23133101335158
0.2857,-71.2313647151191
0.2858,-71.2313977512245
0.2859,-71.23143011334274
0.28600000000000003,-71.2314617937486
0.2861,-71.23149278530988
0.2862,-71.23152308148032
0.2863,-71.23155267629232
0.2864,-71.23158156434961
0.28650000000000003,-71.2316097408191
0.2866,-71.23163720142325
0.2867,-71.2316639424318
0.2868,-71.23168996065338
0.2869,-71.2317152534272
0.28700000000000003,-71.23173981861406
0.2871,-71.23176365458752
0.2872,-71.23178676022494
0.2873,-71.23180913489838
0.2874,-71.23183077846495
0.28750000000000003,-71.23185169125776
0.2876,-71.23187187407598
0.2877,-71.23189132817551
0.2878,-71.23191005525884
0.2879,-71.23192805746528
0.28800000000000003,-71.23194533736113
0.2881,-71.23196189792947
0.2882,-71.23197774255999
0.2883,-71.2319928750389
0.2884,-71.23200729953865
0.28850000000000003,-71.23202102060758
0.2886,-71.23203404315964
0.2887,-71.23204637246405
0.2888,-71.23205801413476
0.2889,-71.23206897412024
0.28900000000000003,-71.23207925869282
0.2891,-71.23208887443852
0.2892,-71.23209782824641
0.2893,-71.23210612729824
0.2894,-71.23211377905817
0.28950000000000004,-71.2321207912622
0.2896,-71.23212717190793
0.2897,-71.23213292924424
0.2898,-71.23213807176099
0.2899,-71.23214260817876
0.29000000000000004,-71.23214654743882
0.2901,-71.23214989869281
0.2902,-71.23215267129291
0.2903,-71.2321548747816
0.2904,-71.2321565188819
0.29050000000000004,-71.23215761348756
0.2906,-71.23215816865333
0.2907,-71.23215819458514
0.2908,-71.23215770163063
0.2909,-71.23215670026981
0.29100000000000004,-71.23215520110529
0.2911,-71.2321532148536
0.2912,-71.2321507523355
0.2913,-71.23214782446723
0.2914,-71.23214444225157
0.29150000000000004,-71.23214061676886
0.2916,-71.23213635916848
0.2917,-71.23213168066026
0.2918,-71.23212659250596
0.2919,-71.23212110601118
0.29200000000000004,-71.2321152325169
0.2921,-71.2321089833918
0.2922,-71.23210237002408
0.2923,-71.23209540381394
0.2924,-71.23208809616582
0.29250000000000004,-71.23208045848104
0.2926,-71.2320725021505
0.2927,-71.23206423854747
0.2928,-71.23205567902069
0.2929,-71.23204683488743
0.29300000000000004,-71.2320377174268
0.2931,-71.2320283378734
0.2932,-71.23201870741063
0.2933,-71.2320088371648
0.2934,-71.23199873819877
0.29350000000000004,-71.23198842150633
0.2936,-71.23197789800619
0.2937,-71.23196717853666
0.2938,-71.23195627385005
0.2939,-71.23194519460749
0.29400000000000004,-71.23193395137386
0.29410000000000003,-71.23192255461281
0.2942,-71.23191101468196
0.2943,-71.23189934182838
0.2944,-71.23188754618423
0.29450000000000004,-71.23187563776209
0.29460000000000003,-71.23186362645137
0.2947,-71.23185152201403
0.2948,-71.23183933408073
0.2949,-71.23182707214737
0.29500000000000004,-71.23181474557153
0.29510000000000003,-71.23180236356907
0.2952,-71.23178993521118
0.2953,-71.23177746942108
0.2954,-71.23176497497133
0.29550000000000004,-71.23175246048116
0.29560000000000003,-71.23173993441381
0.2957,-71.2317274050742
0.2958,-71.2317148806065
0.2959,-71.23170236899243
0.29600000000000004,-71.23168987804873
0.29610000000000003,-71.2316774154259
0.2962,-71.23166498860606
0.2963,-71.23165260490185
0.2964,-71.23164027145468
0.29650000000000004,-71.23162799523364
0.29660000000000003,-71.23161578303436
0.2967,-71.23160364147805
0.2968,-71.23159157701062
0.2969,-71.23157959590188
0.29700000000000004,-71.23156770424511
0.29710000000000003,-71.23155590795649
0.2972,-71.23154421277466
0.2973,-71.23153262426071
0.2974,-71.23152114779788
0.2975,-71.2315097885917
0.29760000000000003,-71.23149855166999
0.2977,-71.23148744188329
0.2978,-71.23147646390498
0.2979,-71.23146562223181
0.298,-71.23145492118455
0.29810000000000003,-71.23144436490858
0.2982,-71.23143395737466
0.2983,-71.23142370237976
0.2984,-71.231413603548
0.2985,-71.23140366433184
0.29860000000000003,-71.23139388801303
0.2987,-71.2313842777039
0.2988,-71.23137483634872
0.2989,-71.23136556672507
0.299,-71.23135647144532
0.29910000000000003,-71.2313475529581
0.2992,-71.23133881354995
0.2993,-71.2313302553472
0.2994,-71.23132188031747
0.2995,-71.23131369027169
0.29960000000000003,-71.23130568686595
0.2997,-71.23129787160337
0.2998,-71.2312902458363
0.2999,-71.23128281076826
0.3,-71.23127556745615
